acari_odb12	2026-06-12	16e725be3df15753e6a4cf719df8899a	Eukaryota	lineages
acari_odb12.2	2026-05-13	46d068d91ec30195e1b0cfd02d07deed	Eukaryota	lineages
acetobacteraceae_odb12	2026-05-22	de1d5a47d9555f02ecee84f966d50961	Prokaryota	lineages
acetobacteraceae_odb12.2	2026-05-22	5729d32c94d4430d021cf81bf6848423	Prokaryota	lineages
acetobacter_odb12	2026-05-22	c94d10efc9ae5d1b4c1a456c00e5285f	Prokaryota	lineages
acetobacter_odb12.2	2026-05-22	f193ec6cdadf328c444d056f05922344	Prokaryota	lineages
acholeplasmataceae_odb12	2026-05-22	9d58e1e515dafca77eb4ab61e3b81183	Prokaryota	lineages
acholeplasmataceae_odb12.2	2026-05-22	a71abab5cac03b7abd1eea00d291e5ba	Prokaryota	lineages
achromobacter_odb12	2026-05-22	5cdd99864207787db8b1dd448cf5bd1b	Prokaryota	lineages
achromobacter_odb12.2	2026-05-22	d1207557df79fbf803a2886eab69cffd	Prokaryota	lineages
acidobacteriaceae_odb12	2026-05-22	8c7aea269acbb05719dbb8ca884fca2c	Prokaryota	lineages
acidobacteriaceae_odb12.2	2026-05-22	c841ade7cadd6519b592e4dff37f3d32	Prokaryota	lineages
acidobacteria_odb10	2024-01-08	13046d110cf6d038af269ee6e0681bdc	Prokaryota	lineages
acidobacteriota_odb12	2026-05-22	1e5b6afe2a4657d0bf68ba8f27f796f2	Prokaryota	lineages
acidobacteriota_odb12.2	2026-05-22	8707b4588433b0b9e366ffe37500e958	Prokaryota	lineages
acidovorax_odb12	2026-05-22	5636a8414ac91ea7a7909a01b0ce6eb0	Prokaryota	lineages
acidovorax_odb12.2	2026-05-22	1ebd20ec3a5a1634a0592c9d8240889e	Prokaryota	lineages
acinetobacter_odb12	2026-05-22	c00e1db0aa4ef2e3c5dd6f54228ad7c7	Prokaryota	lineages
acinetobacter_odb12.2	2026-05-22	c889465f3d4af1a57ece25e51d2c9e05	Prokaryota	lineages
aconoidasida_odb10	2024-01-08	47b6ece13859b681466c79f4e6c6d1ad	Eukaryota	lineages
aconoidasida_odb12	2026-05-22	0307af9f85d8846b8265d80ece0c27d4	Eukaryota	lineages
aconoidasida_odb12.2	2026-05-13	cd693c086e8eccf2379af1241b739f9a	Eukaryota	lineages
actinobacteria_class_odb10	2024-01-08	0a326071854e20d1977a13a5e3a5f84f	Prokaryota	lineages
actinobacteria_phylum_odb10	2024-01-08	eaa25a3d973f580d4cf59b7251309e5a	Prokaryota	lineages
actinomadura_odb12	2026-05-22	22fa2c2c9464dbd326a4ea2c6d2ae2ba	Prokaryota	lineages
actinomadura_odb12.2	2026-05-22	6a591f6bca0f83d2dc39979aa476cbb7	Prokaryota	lineages
actinomyces_odb12	2026-05-22	8c248ae11c475a58782c692a23fbb77b	Prokaryota	lineages
actinomyces_odb12.2	2026-05-22	e640ae1b2a713187f7e598a2fefe911b	Prokaryota	lineages
actinomycetaceae_odb12	2026-05-22	4617cef5a83e126a49eeb3021bba3136	Prokaryota	lineages
actinomycetaceae_odb12.2	2026-05-22	48bc009e88e0dd15c2e99dbfb1094edf	Prokaryota	lineages
actinomycetes_odb12	2026-05-22	7300bd9cfb195ddbeed99a561ea60257	Prokaryota	lineages
actinomycetes_odb12.2	2026-05-22	077b35aff6ea4bf8b1d2d8ca1504d80e	Prokaryota	lineages
actinomycetota_odb12	2026-05-22	a10b42bbb3c6fc00a62818d0a5cbb4cb	Prokaryota	lineages
actinomycetota_odb12.2	2026-05-22	38fa834b5d4379c5799c7b760e80f42e	Prokaryota	lineages
actinoplanes_odb12	2026-05-22	44943aed9f3ccc47b745be64228d087b	Prokaryota	lineages
actinoplanes_odb12.2	2026-05-22	3fa84cbe9d9cd1ba2ac9f5743639e2ed	Prokaryota	lineages
actinopterygii_odb10	2024-01-08	6b042870822559fcacf129fdedea8927	Eukaryota	lineages
actinopterygii_odb12	2026-05-22	e9a20048fc0a3f56a76e10d8318e5c48	Eukaryota	lineages
actinopterygii_odb12.2	2026-05-13	4b3f2a3481ae6813f04e0896dad9b805	Eukaryota	lineages
aculeata_odb12	2026-05-22	89b642cb4843e9873cfde868c92ff015	Eukaryota	lineages
aculeata_odb12.2	2026-05-13	781a05f8f9877e5454565db1102d085b	Eukaryota	lineages
aerococcaceae_odb12	2026-05-22	068c2c97968b59dcb293754a94c34eb4	Prokaryota	lineages
aerococcaceae_odb12.2	2026-05-22	60959141a2892b45d2b35463fa99742e	Prokaryota	lineages
aeromicrobium_odb12	2026-05-22	f28cbf530748148f0ad723218e18bd4c	Prokaryota	lineages
aeromicrobium_odb12.2	2026-05-22	cc1252332b8eefd0de03e874fd8830f7	Prokaryota	lineages
aeromonadaceae_odb12	2026-05-22	c3de2eed36f30a3aa9c06474242b2c35	Prokaryota	lineages
aeromonadaceae_odb12.2	2026-05-22	7119106ad175e2a4e3541f6f9914f92a	Prokaryota	lineages
aeromonas_odb12	2026-05-22	518c490a821ff0a31171530646eff220	Prokaryota	lineages
aeromonas_odb12.2	2026-05-22	e8edd10978aef39af0ce8466f532ea9d	Prokaryota	lineages
afipia_odb12	2026-05-22	a0c0d6702e2d539fb114b8ec18b519d4	Prokaryota	lineages
afipia_odb12.2	2026-05-22	103920bc37f98482e0255e2c9bdd0aa2	Prokaryota	lineages
agaricales_odb10	2024-01-08	1bf1c632dab6ae5b4ff0be6fad8ff8cf	Eukaryota	lineages
agaricales_odb12	2026-05-22	f71255c5422662b2ffa35755d39577c9	Eukaryota	lineages
agaricales_odb12.2	2026-05-13	99b185119b6be28cfa19f0079d18fff0	Eukaryota	lineages
agaricomycetes_odb10	2024-01-08	717f3e2543617972c9a45bbd4ac975b6	Eukaryota	lineages
agaricomycetes_odb12	2026-05-22	b4b80af9b7e509ca9970d64169d4c84b	Eukaryota	lineages
agaricomycetes_odb12.2	2026-05-13	859e60b770ca7edac0df957df1092129	Eukaryota	lineages
agrobacterium_odb12	2026-05-22	9c334e7abd8109b4f7e664d37ea719f9	Prokaryota	lineages
agrobacterium_odb12.2	2026-05-22	accd6086a2d2cb781a531638f31e8e21	Prokaryota	lineages
agromyces_odb12	2026-05-22	ce670e145b6309f14c361db21ef9f062	Prokaryota	lineages
agromyces_odb12.2	2026-05-22	0d76aecf879b90ef106fba739d7ae886	Prokaryota	lineages
ajellomycetaceae_odb12	2026-05-22	b71afb09e87c0c0a964144085e1ba1b7	Eukaryota	lineages
ajellomycetaceae_odb12.2	2026-05-13	f28d782c0c0e746500ce39d69b994395	Eukaryota	lineages
alcaligenaceae_odb12	2026-05-22	021128f05deb15bd7de24da851487fb3	Prokaryota	lineages
alcaligenaceae_odb12.2	2026-05-22	c20c743798fb27c937272e33665185af	Prokaryota	lineages
alcanivorax_odb12	2026-05-22	5e8255f8a2fa55a29654d864c55ada82	Prokaryota	lineages
alcanivorax_odb12.2	2026-05-22	53da4e1b3249b7023a25bc6fbc6faf44	Prokaryota	lineages
algoriphagus_odb12	2026-05-22	3b524c07e1d867d2b8288ccd2e6f2167	Prokaryota	lineages
algoriphagus_odb12.2	2026-05-22	3eec8933059fcc3020c898acfb170f83	Prokaryota	lineages
alicyclobacillaceae_odb12	2026-05-22	862b16f33c524ec2474b50b00f8bd177	Prokaryota	lineages
alicyclobacillaceae_odb12.2	2026-05-22	7362a77df8c0fa50cfc079829af4c7a9	Prokaryota	lineages
alicyclobacillus_odb12	2026-05-22	9b650f721bc61dd8b70800b5f90493b7	Prokaryota	lineages
alicyclobacillus_odb12.2	2026-05-22	ecce4a1e76f76b8734e0746075b7fba4	Prokaryota	lineages
alistipes_odb12	2026-05-22	aff5aa5fc3608451c8574fc5c3ef29e8	Prokaryota	lineages
alistipes_odb12.2	2026-05-22	ba697ec79b02be23a2b497ba4437b8e2	Prokaryota	lineages
alphabaculovirus_odb10	2024-01-08	ec04ed01eab6001f35c1a6ebfc70180f	Virus	lineages
alphaherpesvirinae_odb10	2024-01-08	44433a26b31aa50e4314a013eb2d1ff4	Virus	lineages
alphaproteobacteria_odb10	2024-01-08	22db70ba9f321e8b8f4eed0b2be41b6f	Prokaryota	lineages
alphaproteobacteria_odb12	2026-05-22	11cb40f0cf1e4712364926b020d85806	Prokaryota	lineages
alphaproteobacteria_odb12.2	2026-05-22	8148dd39e99c789a98506a7e3933eb18	Prokaryota	lineages
alteromonadales_odb10	2024-01-08	0a959f97971c349fdd69bc37e7796514	Prokaryota	lineages
alteromonadales_odb12	2026-05-22	381a22dd35254dcea0605a4c81277d29	Prokaryota	lineages
alteromonadales_odb12.2	2026-05-22	a47792236584ee0d5260f73385f8fbb5	Prokaryota	lineages
alteromonas_odb12	2026-05-22	de68c9796cb3bb02bd9ad23730cd9c1f	Prokaryota	lineages
alteromonas_odb12.2	2026-05-22	7c10eda440ee44e12567674929f9e221	Prokaryota	lineages
alveolata_odb10	2024-01-08	cbd2ddb6b18efb2b4ca218a74688aacf	Eukaryota	lineages
alveolata_odb12	2026-05-22	3ccd3b42290fc9bcbbc04764fd0047db	Eukaryota	lineages
alveolata_odb12.2	2026-05-13	dd53882c26cb9c5661220cc9608e74a9	Eukaryota	lineages
amoebozoa_odb12	2026-05-22	d72a84d68ee321e739cbcc4ef581d570	Eukaryota	lineages
amoebozoa_odb12.2	2026-05-13	7a4c895b86acd5bf2c809eb068cdf0bd	Eukaryota	lineages
amphibia_odb12.2	2026-05-13	5750a4449954d9cab7f10c181c4a7f1c	Eukaryota	lineages
amycolatopsis_odb12	2026-05-22	e2a8d3427e791928b986dfb751492e6e	Prokaryota	lineages
amycolatopsis_odb12.2	2026-05-22	bfa7d1bb2905936f3774725cda48385b	Prokaryota	lineages
anaerococcus_odb12	2026-05-22	852691531ef150b3274f28b72fd4137e	Prokaryota	lineages
anaerococcus_odb12.2	2026-05-22	6f783ac72ea8dfa793be9e45bc05065c	Prokaryota	lineages
anaplasmataceae_odb12	2026-05-22	a116a47ee9916a4a07c4591afa44b384	Prokaryota	lineages
anaplasmataceae_odb12.2	2026-05-22	458adb3a44bd90274695d416eb9f34f1	Prokaryota	lineages
anopheles_odb12	2026-05-22	c2e3ff0a851ce7be94f35b859a98dea8	Eukaryota	lineages
anopheles_odb12.2	2026-05-13	e0d1fa03f699d6e67df1586ec526cc86	Eukaryota	lineages
anthozoa_odb12	2026-05-22	4199145637be45f1cfc57dd3ed5d29a4	Eukaryota	lineages
anthozoa_odb12.2	2026-05-13	093ddef958e10d66bed793ce9ac783c4	Eukaryota	lineages
apicomplexa_odb10	2024-01-08	e27eb839243c4a4280e4187108b48596	Eukaryota	lineages
apicomplexa_odb12	2026-05-22	fa0cc486aae61d3223b0d4bf71d25a6c	Eukaryota	lineages
apicomplexa_odb12.2	2026-05-13	8fc999faf26dda108d4b394fa43741ae	Eukaryota	lineages
apoidea_odb12	2026-05-22	efdeb2b2d512eae7b35c1b6a22acd794	Eukaryota	lineages
apoidea_odb12.2	2026-05-13	539b06f14bb1a49d131091333975aac7	Eukaryota	lineages
aquificae_odb10	2024-01-08	0285bccb18097979aef7badd2b554378	Prokaryota	lineages
aquificae_odb12	2026-05-22	ab670eacf33733aee83b8ed9791ad164	Prokaryota	lineages
aquificae_odb12.2	2026-05-22	5bb814832ac13609ec5f45bff846ced3	Prokaryota	lineages
aquimarina_odb12	2026-05-22	c2bde9e6244b57928b96e84415dcbd22	Prokaryota	lineages
aquimarina_odb12.2	2026-05-22	4229b96c7ea9542fc5a5191887221d12	Prokaryota	lineages
arachnida_odb10	2024-01-08	625818d0544cd760356af0b8e9a5a412	Eukaryota	lineages
arachnida_odb12	2026-05-22	d09df4df883e40a938acb2e7b0acd71e	Eukaryota	lineages
arachnida_odb12.2	2026-05-13	8fb2fae24e988d43f5540a289325ce25	Eukaryota	lineages
araneae_odb12	2026-05-22	38211e9fe9463ce4547d7cdabccdcfc1	Eukaryota	lineages
araneae_odb12.2	2026-05-13	78ac6104c943cbae112b45bf798273da	Eukaryota	lineages
archaea_odb10	2024-01-08	3eb26c670c520c0f3b32bff46fce03d7	Prokaryota	lineages
archaea_odb12	2026-05-22	1575580e6537de044eddf2ceffb0560b	Prokaryota	lineages
archaea_odb12.2	2026-05-22	236e6cba07ecd880559c2e11a71a117b	Prokaryota	lineages
arcobacter_odb12	2026-05-22	cc9b65ecf1bbb2c014152b82e1e8b3e4	Prokaryota	lineages
arcobacter_odb12.2	2026-05-22	93dcd420386d3a1ba8845047ae310df2	Prokaryota	lineages
arthrobacter_odb12	2026-05-22	613652facb750deb39620f971c6c03fb	Prokaryota	lineages
arthrobacter_odb12.2	2026-05-22	3a281ef5e905c445b96169c5ac06d5e0	Prokaryota	lineages
arthropoda_odb10	2024-01-08	915ae2790da249b81eceeb1cea2ad922	Eukaryota	lineages
arthropoda_odb12	2026-05-22	fcd5e209d35995933c336a9c97a81739	Eukaryota	lineages
arthropoda_odb12.2	2026-05-13	c305e9fae6f2873c3877cfce4f21c60b	Eukaryota	lineages
artiodactyla_odb12	2026-05-22	ed574822d939fa5d04d5fb985e057554	Eukaryota	lineages
artiodactyla_odb12.2	2026-05-13	9ce641a944b7a7ef158413ccef2c5f33	Eukaryota	lineages
ascomycota_odb10	2024-01-08	694c2ad193a01cd6e95487a3ddcbcce8	Eukaryota	lineages
ascomycota_odb12	2026-05-22	ab2179948cdb76c148b47740a03ca28f	Eukaryota	lineages
ascomycota_odb12.2	2026-05-13	523ea0ca03d2d56580206a7f753ecc07	Eukaryota	lineages
aspergillus_odb12	2026-05-22	7ea3dfe86b9c3f326e03575b64675e78	Eukaryota	lineages
aspergillus_odb12.2	2026-05-13	84914c29c9af6371ed2941f5358bf4d5	Eukaryota	lineages
asticcacaulis_odb12	2026-05-22	ce2b3a86c9ffa6015d347204210b38a5	Prokaryota	lineages
asticcacaulis_odb12.2	2026-05-22	094507fbcaa53c11d9be8288b49d00d3	Prokaryota	lineages
atopobiaceae_odb12	2026-05-22	51b08eed626d42dff007ca759adff551	Prokaryota	lineages
atopobiaceae_odb12.2	2026-05-22	07f36237e7f9ba258bad630bebcff578	Prokaryota	lineages
aurantimonadaceae_odb12	2026-05-22	8b7bb6e28f82dcfce807e09aed7c2b9e	Prokaryota	lineages
aurantimonadaceae_odb12.2	2026-05-22	538d7043c8574fc89deb80975735a767	Prokaryota	lineages
aureimonas_odb12	2026-05-22	8af2344923af3f93e8f57db42ed1093b	Prokaryota	lineages
aureimonas_odb12.2	2026-05-22	a4eda1cf1d03744ecfa525b4c1ce203e	Prokaryota	lineages
aves_odb10	2024-01-08	eea0b7e8122b1f528c97c142e9ddfd82	Eukaryota	lineages
aves_odb12	2026-05-22	2109bf77599c8f7f605b5ca12e17752b	Eukaryota	lineages
aves_odb12.2	2026-05-13	42141067e22798f00a507d6d4b8ddf4d	Eukaryota	lineages
aviadenovirus_odb10	2024-01-08	f9c946051627e87ff717ad466d6c5966	Virus	lineages
azospirillum_odb12	2026-05-22	690366112051bc16001e0e7d2b41885b	Prokaryota	lineages
azospirillum_odb12.2	2026-05-22	ee2b2af0950031d28add0ef48eb68388	Prokaryota	lineages
bacillaceae_odb12	2026-05-22	f4c63d6a93c26e0fab8840b6cffb7672	Prokaryota	lineages
bacillaceae_odb12.2	2026-05-22	a21124dbbedfed643bf00fc79835bec0	Prokaryota	lineages
bacillales_odb10	2024-01-08	e2fb5d46b90c76f849d9ec9c49ae79ca	Prokaryota	lineages
bacillales_odb12	2026-05-22	230d04a4549c78572488f166795d93bc	Prokaryota	lineages
bacillales_odb12.2	2026-05-22	40fe81371138f7d91f3b0e6466669140	Prokaryota	lineages
bacillariophyta_odb12	2026-05-22	b4867b8cac770cbd8faa8b55302c04cd	Eukaryota	lineages
bacillariophyta_odb12.2	2026-05-13	5c63e9d3ad31a982ee46a436e9ebaffc	Eukaryota	lineages
bacilli_odb10	2024-01-08	e8dc4ad8c6e26e2dfc47e155736896bd	Prokaryota	lineages
bacilli_odb12	2026-05-22	9ee6428d2ac93b9c69f396cf801d7b48	Prokaryota	lineages
bacilli_odb12.2	2026-05-22	3cd6292f3cf604e9277cccc10474e4f7	Prokaryota	lineages
bacillota_odb12	2026-05-22	4b161668f14f58f00c85ed988c9bcdcf	Prokaryota	lineages
bacillota_odb12.2	2026-05-22	6dc1d2fae28e6d3206201285bef1867d	Prokaryota	lineages
bacillus_odb12	2026-05-22	29a9b1b1e306c9de8e79f1780e8bcc79	Prokaryota	lineages
bacillus_odb12.2	2026-05-22	a1731396e82e9bbe241762e012774160	Prokaryota	lineages
bacteria_odb10	2024-01-08	bff9523df89980699c01e8f31e490496	Prokaryota	lineages
bacteria_odb12	2026-05-22	a00b520c960409e7ffa01252e09cb733	Prokaryota	lineages
bacteria_odb12.2	2026-05-22	e21960d275e09687a86aace486f2886a	Prokaryota	lineages
bacteroidales_odb10	2024-01-08	60e4d09d2526ad90561bc0ad4c67f783	Prokaryota	lineages
bacteroidales_odb12	2026-05-22	4b466406a639e1049f78b144895b6cbe	Prokaryota	lineages
bacteroidales_odb12.2	2026-05-22	635008cd85cc1885818413fd9e52675a	Prokaryota	lineages
bacteroides_odb12	2026-05-22	e1c383afa8158f9e965718620c4eb8de	Prokaryota	lineages
bacteroides_odb12.2	2026-05-22	4887823543bbc5abceb45adcd61f8c81	Prokaryota	lineages
bacteroidetes-chlorobi_group_odb10	2024-01-08	4d2ae5165b8aec5f42f42d79e98bc05d	Prokaryota	lineages
bacteroidetes_odb10	2024-01-08	81eddd495a27b2c15b661eb2f018b01b	Prokaryota	lineages
bacteroidia_odb10	2024-01-08	1756db675bfee79e3a3a6e9946003038	Prokaryota	lineages
bacteroidia_odb12	2026-05-22	89e42f9fd74b6fb8a9d8b974c6fc851c	Prokaryota	lineages
bacteroidia_odb12.2	2026-05-22	24f5b682bf6a4256f343b40d94233879	Prokaryota	lineages
bacteroidota-chlorobiota_group_odb12	2026-05-22	6736b9784a4803902897e0798a510d89	Prokaryota	lineages
bacteroidota-chlorobiota_group_odb12.2	2026-05-22	29874e5bae71928eb350a8e25627bf28	Prokaryota	lineages
baculoviridae_odb10	2024-01-08	78a612f186cb5b88ec8c030661e46487	Virus	lineages
bartonella_odb12	2026-05-22	804a59c4081947b9efcf5e4281138c76	Prokaryota	lineages
bartonella_odb12.2	2026-05-22	b3b16bfd35b532e603360b900786152c	Prokaryota	lineages
basidiomycota_odb10	2024-01-08	55ee0a0b2ca18812393fd43faf4f1897	Eukaryota	lineages
basidiomycota_odb12	2026-05-22	65948fa4f0313d1dcf615cc769b326d8	Eukaryota	lineages
basidiomycota_odb12.2	2026-05-13	7153be08b7ab78b1b85d3efa97a65fd1	Eukaryota	lineages
bclasvirinae_odb10	2024-01-08	51a9dce485c577e575d411d10c566820	Virus	lineages
betabaculovirus_odb10	2024-01-08	aab73c1e308f8a1cec4f4529b06ee3d4	Virus	lineages
betaherpesvirinae_odb10	2024-01-08	1fd9d15097a377d712c6458451bf65af	Virus	lineages
betaproteobacteria_odb10	2024-01-08	040cf23dfcfc0fa632bd48fde213b61f	Prokaryota	lineages
betaproteobacteria_odb12	2026-05-22	76557330dc867978827b757611f8d345	Prokaryota	lineages
betaproteobacteria_odb12.2	2026-05-22	e2e896b643012ccf0e5b9ba08c6ce598	Prokaryota	lineages
bifidobacteriaceae_odb12	2026-05-22	e0bf049f9a9955ea0ba642deec456cda	Prokaryota	lineages
bifidobacteriaceae_odb12.2	2026-05-22	fd7e05e42c98ead659a08a7b9cc333ca	Prokaryota	lineages
bifidobacterium_odb12	2026-05-22	fac75a67c195afedd9e00a6ed55dd417	Prokaryota	lineages
bifidobacterium_odb12.2	2026-05-22	d91374ae7be590a2e392d093d8d52f86	Prokaryota	lineages
blautia_odb12	2026-05-22	dc9ad0efdf2ac91cded44fd415ac831d	Prokaryota	lineages
blautia_odb12.2	2026-05-22	69174e277abc7e106eaf91c49b673297	Prokaryota	lineages
boletales_odb10	2024-01-08	7a7b1635d171d069a5525ee24faf8c83	Eukaryota	lineages
boletales_odb12	2026-05-22	cc6efcd3c801b57804aba92d78e02ae6	Eukaryota	lineages
boletales_odb12.2	2026-05-13	1e2cdb54d8bf26923d840a2ff8afd1cb	Eukaryota	lineages
bordetella_odb12	2026-05-22	890f664e4831e99278028e80d0d29b5a	Prokaryota	lineages
bordetella_odb12.2	2026-05-22	8508f4d0f1a9dc8225567a9c4633f893	Prokaryota	lineages
borreliaceae_odb12	2026-05-22	11855c4fe4565a3c9b8356bb55969b83	Prokaryota	lineages
borreliaceae_odb12.2	2026-05-22	2d168baaa8f021fd9f4c4b87e013c5f9	Prokaryota	lineages
bosea_odb12	2026-05-22	2ae6a40a4fd5c5349519c76c60989cb4	Prokaryota	lineages
bosea_odb12.2	2026-05-22	1fb6695aa9caa3e2be328d7b310efbb2	Prokaryota	lineages
brachybacterium_odb12	2026-05-22	8a694686f1ef5e3b0eabb79bbd06ef35	Prokaryota	lineages
brachybacterium_odb12.2	2026-05-22	5289c99039daa5bea79d06c81453feab	Prokaryota	lineages
brachycera_odb12	2026-05-22	8f0dbe94aa475d4533126ea09ca9aa86	Eukaryota	lineages
brachycera_odb12.2	2026-05-13	ec37112363e77be30ae543d0e1c43a0a	Eukaryota	lineages
brachyspira_odb12	2026-05-22	766dc3cfc8be684c3287e7b754e1dab6	Prokaryota	lineages
brachyspira_odb12.2	2026-05-22	833199be7c399962279c8a13d65e2f16	Prokaryota	lineages
bradyrhizobium_odb12	2026-05-22	cdc7119774702c344cb6f4927f4b8bd9	Prokaryota	lineages
bradyrhizobium_odb12.2	2026-05-22	1f4ada7cf86b79dbd4aec5d8b59aa3b2	Prokaryota	lineages
brassicales_odb10	2024-01-08	7f96488b36e2f391dd594a099b31ea24	Eukaryota	lineages
brassicales_odb12	2026-05-22	a314080cb75bd4173a7385c44f5fad40	Eukaryota	lineages
brassicales_odb12.2	2026-05-13	83df876bbec9770d880f168665efa962	Eukaryota	lineages
brevibacillus_odb12	2026-05-22	7856e27f9bee05f5368ae0fb18b2f5d7	Prokaryota	lineages
brevibacillus_odb12.2	2026-05-22	8974bc71f4027a239bcb5c1f911824a5	Prokaryota	lineages
brevibacterium_odb12	2026-05-22	9ce67976fdffa663af3957e5e5e317aa	Prokaryota	lineages
brevibacterium_odb12.2	2026-05-22	2f9c8a781305dda777f5116155b564f8	Prokaryota	lineages
brevundimonas_odb12	2026-05-22	9ea4cf904fe0c1d95948eaa6ae91976f	Prokaryota	lineages
brevundimonas_odb12.2	2026-05-22	23f11d75b4d10cd8ebe40204528b6019	Prokaryota	lineages
buchnera_odb12	2026-05-22	560cbfc0bc22a7ac98692fd34f96ba7f	Prokaryota	lineages
buchnera_odb12.2	2026-05-22	98b3a631e45735f12e00029410f35cc1	Prokaryota	lineages
burkholderiaceae_odb12	2026-05-22	a90ef90976a235ad1fa2e7a05790317c	Prokaryota	lineages
burkholderiaceae_odb12.2	2026-05-22	bdfd62b3ce479ad7d3711ca05ef62ae4	Prokaryota	lineages
burkholderiales_odb10	2024-01-08	b41288c7ab665a79a592214850af3dcf	Prokaryota	lineages
burkholderiales_odb12	2026-05-22	1e604da1a77bc19b55b7e10efc32e894	Prokaryota	lineages
burkholderiales_odb12.2	2026-05-22	c7652b16745c2f06088911d7baa63c9b	Prokaryota	lineages
burkholderia_odb12	2026-05-22	3ce82eecd97844733ef4e18510a8ed3a	Prokaryota	lineages
burkholderia_odb12.2	2026-05-22	2200b4f3575830d4a21562bd077f5bd2	Prokaryota	lineages
butyrivibrio_odb12	2026-05-22	499b86f32a625ea4b9d92f7f6bff1846	Prokaryota	lineages
butyrivibrio_odb12.2	2026-05-22	ffc0fa9a65430d2a5c2268ae7a60246a	Prokaryota	lineages
campylobacterales_odb10	2024-01-08	950fa5f90829dfbfe879e71f22d8a6f1	Prokaryota	lineages
campylobacterota_odb12	2026-05-22	e15a73e27dda95a448c9f30d7565a04c	Prokaryota	lineages
campylobacterota_odb12.2	2026-05-22	4eb25e37ec016d36b2ba41f28180088c	Prokaryota	lineages
capnocytophaga_odb12	2026-05-22	00cbf7ab5c1f3cb6292a042338f6a099	Prokaryota	lineages
capnocytophaga_odb12.2	2026-05-22	6027b4c0b2a87a02cb2e97d3ac2c36ef	Prokaryota	lineages
capnodiales_odb10	2024-01-08	a1601671360646aa38c968520f81a9bc	Eukaryota	lineages
carnivora_odb10	2024-01-08	a81b85b7d90b046315b8cb1bea8605c1	Eukaryota	lineages
carnivora_odb12	2026-05-22	53d2f476a6faf350320bf044a030394c	Eukaryota	lineages
carnivora_odb12.2	2026-05-13	74fd65c4798f2543b9b2a148f163d5c1	Eukaryota	lineages
carnobacteriaceae_odb12	2026-05-22	7c6fb7aa1ca159c9d78ed187fe81e11c	Prokaryota	lineages
carnobacteriaceae_odb12.2	2026-05-22	c485b4ecce8c423c57c54cd3410b3e1f	Prokaryota	lineages
carnobacterium_odb12	2026-05-22	c5657fc2a84bf5ec07a3a95082c8a783	Prokaryota	lineages
carnobacterium_odb12.2	2026-05-22	7a174f4890281add675f2d781a62429c	Prokaryota	lineages
caulobacteraceae_odb12	2026-05-22	3103e2a785404d95686f86f6f7dda8aa	Prokaryota	lineages
caulobacteraceae_odb12.2	2026-05-22	4fe235b4022c43f88cd2e6a31ee4d696	Prokaryota	lineages
caulobacter_odb12	2026-05-22	ddc5087df3a67674480d976b46891ad1	Prokaryota	lineages
caulobacter_odb12.2	2026-05-22	bddb83feb7f26e6b5bdb80dfd79a2077	Prokaryota	lineages
cellulomonadaceae_odb12	2026-05-22	6ffcdaf871f6411ca7d53185fb1634b7	Prokaryota	lineages
cellulomonadaceae_odb12.2	2026-05-22	e4bebd941a5f4e7342240d4d20d2336c	Prokaryota	lineages
cellvibrionaceae_odb12	2026-05-22	3d726514842ad2df47ad9a8a9b125e44	Prokaryota	lineages
cellvibrionaceae_odb12.2	2026-05-22	adbc5a0f082e7c90b43661ae9486dc7d	Prokaryota	lineages
cellvibrionales_odb10	2024-01-08	4284a714433698dfcf38b7297bc6ef4b	Prokaryota	lineages
cellvibrionales_odb12	2026-05-22	fa3e5ea27d835ed8ea680a010c3a8014	Prokaryota	lineages
cellvibrionales_odb12.2	2026-05-22	5e970051c29f916fe577b1aff420b52f	Prokaryota	lineages
cercopithecoidea_odb12.2	2026-05-13	1c1427699404a350a98a5dbc54a295fd	Eukaryota	lineages
cetacea_odb12.2	2026-05-13	7689a67f7d685483d805cf4c5883f166	Eukaryota	lineages
cetartiodactyla_odb10	2024-01-08	7d348bed34a92a77c86adb4194a4d0cc	Eukaryota	lineages
chaetothyriales_odb10	2024-01-08	721a498d4da22ab75c48a705cb7ffafe	Eukaryota	lineages
chaetothyriales_odb12	2026-05-22	83940c9126ab0e981ff0a4bb790ca236	Eukaryota	lineages
chaetothyriales_odb12.2	2026-05-13	66562faed7b3bb36653ff0b1fe962e9a	Eukaryota	lineages
cheoctovirus_odb10	2024-01-08	74dacf2a763c2a462356ded5e79921db	Virus	lineages
chitinophagaceae_odb12	2026-05-22	ae54a878d43433e10760a1355fbf4d50	Prokaryota	lineages
chitinophagaceae_odb12.2	2026-05-22	8e4057a3e4c8dd7ec42bacb377862248	Prokaryota	lineages
chlamydiae_odb10	2024-01-08	f9a0d5d18b525f5b25ffd28cbc79511a	Prokaryota	lineages
chlamydia_odb12	2026-05-22	6d5f27d3d5d32c08cc67d3e2f2ac0ba6	Prokaryota	lineages
chlamydia_odb12.2	2026-05-22	630a1c2dc2e047b52b5f9203bc79997a	Prokaryota	lineages
chlamydiota_odb12	2026-05-22	abd6489522e311f5bf0fb64b5d14536b	Prokaryota	lineages
chlamydiota_odb12.2	2026-05-22	efb7b63623030e93a3dab66661b51750	Prokaryota	lineages
chlorobi_odb10	2024-01-08	1accab3fc927c6e614d96d3b76eb7d41	Prokaryota	lineages
chlorobiota_odb12	2026-05-22	04353f6d82d2e24fae1af255c33e3368	Prokaryota	lineages
chlorobiota_odb12.2	2026-05-22	28d9534b7ac6d9ef10fd66ae13514695	Prokaryota	lineages
chloroflexi_odb10	2024-01-08	9633d49879fba7efe9d59e9ec1f6fb70	Prokaryota	lineages
chloroflexota_odb12	2026-05-22	c6926e57343dd13c885fa8b300cd235f	Prokaryota	lineages
chloroflexota_odb12.2	2026-05-22	50786a96be76044e22fad3cac197fd92	Prokaryota	lineages
chlorophyceae_odb12	2026-05-22	5ce8886d1035bfbad9aa551b76edcd4b	Eukaryota	lineages
chlorophyceae_odb12.2	2026-05-13	14d8966f57ee846aaf36037f23196118	Eukaryota	lineages
chlorophyta_odb10	2024-01-08	7dbcc25dd421be9fbb0f0ae0d7095284	Eukaryota	lineages
chlorophyta_odb12	2026-05-22	2c291acd730f1b25eca694240b4c5540	Eukaryota	lineages
chlorophyta_odb12.2	2026-05-13	f4c5937433bc1862cc905ebede7961b7	Eukaryota	lineages
chordopoxvirinae_odb10	2024-01-08	c5ff51b8e86771a94400c0df8f8eb383	Virus	lineages
chromadorea_odb12	2026-05-22	e78fc2b4f567f54e431f09e68f0b3f14	Eukaryota	lineages
chromadorea_odb12.2	2026-05-13	2ab67e3cf9868c02feb44a3b78d249a9	Eukaryota	lineages
chromatiaceae_odb12	2026-05-22	2e41802d4c83491c3dcf8c65739a8a53	Prokaryota	lineages
chromatiaceae_odb12.2	2026-05-22	4ab7ef45121f7fb2fd4c9b76b720dda3	Prokaryota	lineages
chromatiales_odb10	2024-01-08	113389b263ee38c451831b513a56ae85	Prokaryota	lineages
chromatiales_odb12	2026-05-22	d02fe224ce8d0170844c2ec703450b6f	Prokaryota	lineages
chromatiales_odb12.2	2026-05-22	9a267061cfd8314378e88d0f8e64712c	Prokaryota	lineages
chromobacteriaceae_odb12	2026-05-22	025ef6a8324afa3c21a1483d77ebb333	Prokaryota	lineages
chromobacteriaceae_odb12.2	2026-05-22	b97e68d001f447a5eff9125e9dbf75ac	Prokaryota	lineages
chroococcales_odb10	2024-01-08	319aa6d9e5ce2606aecfc0bce4419eb8	Prokaryota	lineages
chroococcales_odb12	2026-05-22	9801230dda15e284b56429279b0a91b7	Prokaryota	lineages
chroococcales_odb12.2	2026-05-22	3189cae943e066ab5526717aff454c2a	Prokaryota	lineages
chryseobacterium_odb12	2026-05-22	d04b6ce32e66d5b3874ca78728a232b0	Prokaryota	lineages
chryseobacterium_odb12.2	2026-05-22	e254ff155314cb383df47427a7c122e3	Prokaryota	lineages
chytridiomycota_odb12	2026-05-22	d619eed737671c4bd4d439e7c9f8cf90	Eukaryota	lineages
chytridiomycota_odb12.2	2026-05-13	1407ffc6d8285d0dfb2d948725dee6f4	Eukaryota	lineages
ciliophora_odb12	2026-05-22	52401f2668d691003c0ce1e7f324c2b8	Eukaryota	lineages
ciliophora_odb12.2	2026-05-13	ada43de342c3faa9eb0f10ac81c24590	Eukaryota	lineages
citrobacter_odb12	2026-05-22	5bbdbcd63fc19172619859c0305a4bff	Prokaryota	lineages
citrobacter_odb12.2	2026-05-22	eedb179b234c17b0606be515f678aef6	Prokaryota	lineages
clavicipitaceae_odb12	2026-05-22	411ab1303ad9d500ba75fe8d9dbb4f40	Eukaryota	lineages
clavicipitaceae_odb12.2	2026-05-13	f0b5ab34059be90314c012492ee6eaba	Eukaryota	lineages
clostridiaceae_odb12	2026-05-22	ed3a84f0b43b343f206f65a16648f0f5	Prokaryota	lineages
clostridiaceae_odb12.2	2026-05-22	ca55533cec8f34946843fa06e6cffed4	Prokaryota	lineages
clostridiales_odb10	2024-01-08	9b90a303dc2395f6197c1d64f03fbfc0	Prokaryota	lineages
clostridia_odb10	2024-01-08	7eeb8a01b7c4643aa9fbbd1fd03c887f	Prokaryota	lineages
clostridia_odb12	2026-05-22	cf52ac1d27227a8b0e24af3f5ffc8857	Prokaryota	lineages
clostridia_odb12.2	2026-05-22	1add48b3c05d450eb09557a77117d0b7	Prokaryota	lineages
cnidaria_odb12	2026-05-22	3736ef063954b33ff164170b164d8ebb	Eukaryota	lineages
cnidaria_odb12.2	2026-05-13	eabec5d490f16b40cacea7db60b26c21	Eukaryota	lineages
coccidia_odb10	2024-01-08	ec804a941baabf38053a0f8b8c7021dd	Eukaryota	lineages
coccidia_odb12	2026-05-22	efc0705b2f75e9408ba3406b50aa42ec	Eukaryota	lineages
coccidia_odb12.2	2026-05-13	d3f94c2fb1e88506c546ab018b5e1430	Eukaryota	lineages
coleoptera_odb12	2026-05-22	d5a94c6c2c1cffb62683e514c1f8a955	Eukaryota	lineages
coleoptera_odb12.2	2026-05-13	17898f7b78d6639d2d38a251be7c7a49	Eukaryota	lineages
collinsella_odb12	2026-05-22	3873a41da55c96ccae97b52a3090b144	Prokaryota	lineages
collinsella_odb12.2	2026-05-22	e9ccb2607e29101c3d19f949dd9356a5	Prokaryota	lineages
colwellia_odb12	2026-05-22	6fd0643ff77f50773c277afa3a81351b	Prokaryota	lineages
colwellia_odb12.2	2026-05-22	e8ade1fd5392e3a1951e9c0edeba6aa9	Prokaryota	lineages
comamonadaceae_odb12	2026-05-22	f68520bd76749e70c48a0aa0a2fb181d	Prokaryota	lineages
comamonadaceae_odb12.2	2026-05-22	c149a0099d204b33a7f4f3674850f5c3	Prokaryota	lineages
comamonas_odb12	2026-05-22	3b2fe5fedcc413c6b194b80114c9ae88	Prokaryota	lineages
comamonas_odb12.2	2026-05-22	8aea765b90ef229295fcb0542796c629	Prokaryota	lineages
cordycipitaceae_odb12	2026-05-22	e37a2ee9d031dcbbbd6fe518d6621069	Eukaryota	lineages
cordycipitaceae_odb12.2	2026-05-13	1e238069fa5d3801e42c78b7674435de	Eukaryota	lineages
coriobacteriales_odb10	2024-01-08	18776c9d1cf45a170a71a57e6b0bf32c	Prokaryota	lineages
coriobacteriia_odb10	2024-01-08	6837d15f63527b8b9ad624f9e4a26daf	Prokaryota	lineages
coriobacteriia_odb12	2026-05-22	81396e6663f6c83ac1e1e7a74554ced3	Prokaryota	lineages
coriobacteriia_odb12.2	2026-05-22	d2d6066862d3f339011f783346515a88	Prokaryota	lineages
corynebacteriales_odb10	2024-01-08	af866d8ea389f71092f9344fb9603f5c	Prokaryota	lineages
corynebacterium_odb12	2026-05-22	45a9fc8cbde2b3e13e3e12971a4393a1	Prokaryota	lineages
corynebacterium_odb12.2	2026-05-22	02edb3affdc829aaefc93e6ee438d51d	Prokaryota	lineages
crustacea_odb12	2026-05-22	1bb0e5d540ca616192fd84a0083b77df	Eukaryota	lineages
crustacea_odb12.2	2026-05-13	82499dd9902e52e6ef481cadd01b4118	Eukaryota	lineages
cryptosporidium_odb12	2026-05-22	c5485d0cb22d12987ecee75bdddebbf7	Eukaryota	lineages
cryptosporidium_odb12.2	2026-05-13	201d9a85ac772c17a48c2dd07eabe298	Eukaryota	lineages
culicidae_odb12	2026-05-22	c63f3af13795c1b8dca477a1b9d05104	Eukaryota	lineages
culicidae_odb12.2	2026-05-13	54d9e4f560063e857a8b4f664196e7f2	Eukaryota	lineages
cupriavidus_odb12	2026-05-22	60ed167b2aa8909a20c89b06ee4bd056	Prokaryota	lineages
cupriavidus_odb12.2	2026-05-22	01b348f0b80e3e3c62f89f1fa8965f59	Prokaryota	lineages
curtobacterium_odb12	2026-05-22	25fc7a19244c5bbf0c454bd65ae153ce	Prokaryota	lineages
curtobacterium_odb12.2	2026-05-22	090db825fd032b823fa948d5e8a4755e	Prokaryota	lineages
cyanobacteria_odb10	2024-01-08	26b249d637a4146011f38bcf70c6d6f3	Prokaryota	lineages
cyanobacteriota_odb12	2026-05-22	22aaacd4bf28175550b500050982bb27	Prokaryota	lineages
cyanobacteriota_odb12.2	2026-05-22	2db71b4a1d08ab52e8fa17462962b645	Prokaryota	lineages
cyclobacteriaceae_odb12	2026-05-22	ec4ab503818f29a9e1a7eb39bc7c386a	Prokaryota	lineages
cyclobacteriaceae_odb12.2	2026-05-22	e1ae5f26d745b6241600e9190f4b5c1f	Prokaryota	lineages
cyprinodontiformes_odb10	2024-01-08	4f85a35eafec1392512eba8b6011dfce	Eukaryota	lineages
cyprinodontiformes_odb12	2026-05-22	b116a6a460a74ef10276d392af928357	Eukaryota	lineages
cyprinodontiformes_odb12.2	2026-05-13	fc56610cb942d5932908e17dd30ba5c4	Eukaryota	lineages
cytophagaceae_odb12	2026-05-22	2132204552a29a7c28f6323e6c0002e4	Prokaryota	lineages
cytophagaceae_odb12.2	2026-05-22	c4274e8f3e0459b7485d0692c6c1f0df	Prokaryota	lineages
cytophagales_odb10	2024-01-08	6ec59af7cc8d6f6d5de4c6f22f5eb5f0	Prokaryota	lineages
cytophagia_odb10	2024-01-08	ccecc5c2a542cf3d75330c1eacbd3100	Prokaryota	lineages
cytophagia_odb12	2026-05-22	9b44895d41e86ac446ee1a0560baf9f1	Prokaryota	lineages
cytophagia_odb12.2	2026-05-22	651679a417fd38315794082d15ec25b1	Prokaryota	lineages
debaryomycetaceae_odb12	2026-05-22	072d0984dffd33604df5cd55bea02078	Eukaryota	lineages
debaryomycetaceae_odb12.2	2026-05-13	062b6b96bc13e454478d22402d5ba644	Eukaryota	lineages
deinococcus_odb12	2026-05-22	edcdd047c639aba5e92426c5474475f6	Prokaryota	lineages
deinococcus_odb12.2	2026-05-22	e9a859090e2f0863249eea59e45bf351	Prokaryota	lineages
delta-epsilon-subdivisions_odb10	2024-01-08	911bdaa6c96bef4feaadd29846681cbd	Prokaryota	lineages
delta-epsilon_subdivisions_odb12	2026-05-22	af9544bdf2b55e05419de11a833b0c33	Prokaryota	lineages
delta-epsilon_subdivisions_odb12.2	2026-05-22	34a743bbc93bfdb90235bf208ec53579	Prokaryota	lineages
deltaproteobacteria_odb10	2024-01-08	93caf5a115cffaf8089f47b7e592024a	Prokaryota	lineages
deltaproteobacteria_odb12	2026-05-22	78d325eb9f012759ee1df78b7bab78cc	Prokaryota	lineages
deltaproteobacteria_odb12.2	2026-05-22	5aaa2c4121b4436e08d94e0a38fe7133	Prokaryota	lineages
desulfobacteraceae_odb12	2026-05-22	aef0bfad39aac87569d92f59ce73c1fb	Prokaryota	lineages
desulfobacteraceae_odb12.2	2026-05-22	5cec1d34a738813b4703ffd38e2b3ad6	Prokaryota	lineages
desulfobacterales_odb10	2024-01-08	6a47df2907b67b809b29291ad9baadeb	Prokaryota	lineages
desulfobacterales_odb12	2026-05-22	870d269e700a8e2b5e2e0e4d66300a36	Prokaryota	lineages
desulfobacterales_odb12.2	2026-05-22	972e68aaa93f0f9ab560ef31e3cc8aff	Prokaryota	lineages
desulfosporosinus_odb12	2026-05-22	aa5ea78fac40584c1e76a5de487fa9ec	Prokaryota	lineages
desulfosporosinus_odb12.2	2026-05-22	a3200761d9eb472c535435faa7a53777	Prokaryota	lineages
desulfovibrionales_odb10	2024-01-08	2e4e5bc1e1e38533273013a92d59e6f8	Prokaryota	lineages
desulfovibrionales_odb12	2026-05-22	102fa682a3fa1457a02eee8aec892bce	Prokaryota	lineages
desulfovibrionales_odb12.2	2026-05-22	57faa736a25b2924b07b11b6bd327c60	Prokaryota	lineages
desulfurococcaceae_odb12	2026-05-22	027a62ff9d195fae8c87943324c899bf	Prokaryota	lineages
desulfurococcaceae_odb12.2	2026-05-22	44878d95dd8e8f2c3561a5248491b741	Prokaryota	lineages
desulfurococcales_odb10	2024-01-08	74cc4abc7ed82901712888c2408fb667	Prokaryota	lineages
desulfurococcales_odb12	2026-05-22	29115f8115440a539ffdf15af0908e2c	Prokaryota	lineages
desulfurococcales_odb12.2	2026-05-22	4b119874695a3c7fab4c8916ac90e5dc	Prokaryota	lineages
desulfuromonadales_odb10	2024-01-08	b6aad868c8158fc9f92f7c7969e6bd65	Prokaryota	lineages
desulfuromonadales_odb12	2026-05-22	b3fff997a0e153496631e30ced801bd0	Prokaryota	lineages
desulfuromonadales_odb12.2	2026-05-22	8e236eae72514808485da6e07f195ec9	Prokaryota	lineages
devosia_odb12	2026-05-22	873804f6ad9a420d07d3148bff74a3a0	Prokaryota	lineages
devosia_odb12.2	2026-05-22	75630331f7e9028e34ab7871c41140c0	Prokaryota	lineages
diptera_odb10	2024-01-08	da520a013d41c04d92a4b18b59803628	Eukaryota	lineages
diptera_odb12	2026-06-16	12337432dac0207c06edbf7106c95e98	Eukaryota	lineages
diptera_odb12.2	2026-05-13	c616591a03fc84aa3e964ddb62063cff	Eukaryota	lineages
dothideomycetes_odb10	2024-01-08	f3b8e2745f0d1cca41d9d4c171b1e70e	Eukaryota	lineages
dothideomycetes_odb12	2026-05-22	7a32630b6e551e9947c7056f1a5d1c79	Eukaryota	lineages
dothideomycetes_odb12.2	2026-05-13	4a4eb2def82636196ab843d87cbd0fb6	Eukaryota	lineages
drosophila_odb12	2026-05-22	f2af17870ae09e2217ef00b9e9709e7d	Eukaryota	lineages
drosophila_odb12.2	2026-05-13	28294128d9d099247f361869bdd87760	Eukaryota	lineages
drosophilidae_odb12	2026-05-22	c28640f83cb594581346434c74b2a1b7	Eukaryota	lineages
drosophilidae_odb12.2	2026-05-13	cf1d43265570044d12adca503ce2b981	Eukaryota	lineages
dysgonomonas_odb12	2026-05-22	4120128b22d595c4935080a642fff99b	Prokaryota	lineages
dysgonomonas_odb12.2	2026-05-22	e3862b74dc0555eae4582e78b6a34539	Prokaryota	lineages
ectothiorhodospiraceae_odb12	2026-05-22	11499cd32f1a1fc36a431e1597c66fe1	Prokaryota	lineages
ectothiorhodospiraceae_odb12.2	2026-05-22	13fd6c2b35f1ea8ce98f5db7fba3ba09	Prokaryota	lineages
eggerthellaceae_odb12	2026-05-22	40b8c48a92304b59188b198844759c35	Prokaryota	lineages
eggerthellaceae_odb12.2	2026-05-22	c8059a50207cfba9a3121c5ec0b4c4ed	Prokaryota	lineages
embryophyta_odb10	2024-01-08	7d4e9894b0727223f8ef24cf05b7a71d	Eukaryota	lineages
embryophyta_odb12	2026-05-22	a543ff3cc3a0e1033a46dd17e9782252	Eukaryota	lineages
embryophyta_odb12.2	2026-05-13	f1e98eae1fd97a56f1790170c6f4e202	Eukaryota	lineages
endopterygota_odb10	2024-01-08	fd7f8c8e521f96c0d273c1b25ef262ea	Eukaryota	lineages
endopterygota_odb12	2026-05-22	c81cf8bb2e523b818296845d9ae66303	Eukaryota	lineages
endopterygota_odb12.2	2026-05-13	9396f6e27572fe50d70f1bd8bf2a5ad6	Eukaryota	lineages
enquatrovirus_odb10	2024-01-08	f6c05f3de730a09cc7eaf58bcc50636c	Virus	lineages
enterobacterales_odb10	2024-01-08	989af5b1fe5e6b7ff7692511a412c1f6	Prokaryota	lineages
enterobacterales_odb12	2026-05-22	8ed6700bee6d6a83232688947e4d26df	Prokaryota	lineages
enterobacterales_odb12.2	2026-05-22	7c85935e97d6f5f3a409e49e1ff008e1	Prokaryota	lineages
enterobacteriaceae_odb12	2026-05-22	4b633e02a32610b16dfb27a25fe6199e	Prokaryota	lineages
enterobacteriaceae_odb12.2	2026-05-22	495f0515d59c7f1ddb608ce3ef24787a	Prokaryota	lineages
enterobacter_odb12	2026-05-22	9e4c2d190f329655b86ae0f5f01ba16a	Prokaryota	lineages
enterobacter_odb12.2	2026-05-22	809366e61efb0706ae1436afefbc6d7c	Prokaryota	lineages
enterococcaceae_odb12	2026-05-22	33d6b5c29e8dc8f0591d3805bbe51f51	Prokaryota	lineages
enterococcaceae_odb12.2	2026-05-22	390823a0b794ccfe32c47b1f62b24cef	Prokaryota	lineages
enterococcus_odb12	2026-05-22	07dba336d261dc7b60a15559d0305888	Prokaryota	lineages
enterococcus_odb12.2	2026-05-22	3b0ff68df6f008a9352ec5f8f33ad6a9	Prokaryota	lineages
entomoplasmatales_odb10	2024-01-08	65893ded2df1ffc7bf4cc8abce3a858a	Prokaryota	lineages
entomoplasmatales_odb12	2026-05-22	15e5a839429627fef6f8d9aa1eb5ce8a	Prokaryota	lineages
entomoplasmatales_odb12.2	2026-05-22	74b735edd339731d403d8efcd257ff93	Prokaryota	lineages
epsilonproteobacteria_odb10	2024-01-08	b0eaa68282aab72d8a2447da767219da	Prokaryota	lineages
erwiniaceae_odb12	2026-05-22	8c2b918951fb43d3254578e6b555039c	Prokaryota	lineages
erwiniaceae_odb12.2	2026-05-22	2c62d7e894739af02a192c09eff4ecb5	Prokaryota	lineages
erwinia_odb12	2026-05-22	a1cc441811f8d45967d69b12dfeea189	Prokaryota	lineages
erwinia_odb12.2	2026-05-22	d13b3f1ccd48ce36248d787cfa29e3bb	Prokaryota	lineages
erysipelotrichaceae_odb12	2026-05-22	67bc3604dcab119dd0e1db8f5b1b0743	Prokaryota	lineages
erysipelotrichaceae_odb12.2	2026-05-22	41ef7c96368df5f054c445357c9479b5	Prokaryota	lineages
erythrobacteraceae_odb12	2026-05-22	455a76cbcf1d822bdce5b6352005ff32	Prokaryota	lineages
erythrobacteraceae_odb12.2	2026-05-22	3a64aff7b8f655a57ce063aa7406008e	Prokaryota	lineages
erythrobacter_odb12	2026-05-22	9d0f13311a53da8a3dc37c4eff569f03	Prokaryota	lineages
erythrobacter_odb12.2	2026-05-22	55011c8acf47fb469c4ea14a540ee296	Prokaryota	lineages
euarchontoglires_odb10	2024-01-08	4f6b07a49e990f1a821db285f808f7a7	Eukaryota	lineages
euarchontoglires_odb12	2026-05-22	8cec9716768e0b2d9c6a238349a8739a	Eukaryota	lineages
euarchontoglires_odb12.2	2026-05-13	ef8e18e92a330c42cbdcb47468502c17	Eukaryota	lineages
eubacteriaceae_odb12	2026-05-22	4b631994362fcfdce00c6520c3647cc4	Prokaryota	lineages
eubacteriaceae_odb12.2	2026-05-22	938ab87cdbbd6a4ba12ccba50cdbe071	Prokaryota	lineages
eubacteriales_odb12	2026-05-22	7dfb06eac587edbc45323ba0a324562f	Prokaryota	lineages
eubacteriales_odb12.2	2026-05-22	edacef420a88c403dc0d5e966f1618d6	Prokaryota	lineages
eudicots_odb10	2024-01-08	38ece5baf0523143fc6594030bca4487	Eukaryota	lineages
eudicotyledons_odb12	2026-05-22	da499f3776e9c3634ee78c2c64040315	Eukaryota	lineages
eudicotyledons_odb12.2	2026-05-13	424cf96e579c285ceadc2f15ea5e5cbe	Eukaryota	lineages
euglenozoa_odb10	2024-01-08	2422e36739d888b5400211e128442e6f	Eukaryota	lineages
euglenozoa_odb12	2026-05-22	00b395068a509ff1e9d2d9937be707b7	Eukaryota	lineages
euglenozoa_odb12.2	2026-05-13	5cf54e1f6d914e99cf52fba57127adb9	Eukaryota	lineages
eukaryota_odb10	2024-01-08	93e2a6ec05708dbf0f23db078b88c5a8	Eukaryota	lineages
eukaryota_odb12	2026-05-22	08fb6d94a1699643c257653b77e05af5	Eukaryota	lineages
eukaryota_odb12.2	2026-05-13	3df24ef73dfb0ce8487a889a163a4cff	Eukaryota	lineages
eurotiales_odb10	2024-01-08	476a061e592590139598c5ed610d1883	Eukaryota	lineages
eurotiales_odb12	2026-05-22	b688232e1402d70e5b9727947569aa62	Eukaryota	lineages
eurotiales_odb12.2	2026-05-13	6e329ffae19d92df07b6f95d80d0b112	Eukaryota	lineages
eurotiomycetes_odb10	2024-01-08	077c5b9805d1bd69772851e7a3ef7e2f	Eukaryota	lineages
eurotiomycetes_odb12	2026-05-22	db6ace02805d0433302f23aa2c920a20	Eukaryota	lineages
eurotiomycetes_odb12.2	2026-05-13	4448c3cac41f38aa41246fb0ee7d61ad	Eukaryota	lineages
euryarchaeota_odb10	2024-01-08	152262b6845431b05feb15919745af78	Prokaryota	lineages
euryarchaeota_odb12	2026-05-22	0774bb022f25431fd2a056ad6b6cbdd4	Prokaryota	lineages
euryarchaeota_odb12.2	2026-05-22	b7181c195027f68494d1d153b554d97e	Prokaryota	lineages
eutheria_odb10	2024-01-08	2a3b171b152e781d8b905fb1861b701a	Eukaryota	lineages
eutheria_odb12	2026-05-22	92fcfda4b2a640bf02ce61cd9fec9696	Eukaryota	lineages
eutheria_odb12.2	2026-05-13	750c4b22798361feab37a93280acc0c0	Eukaryota	lineages
exiguobacterium_odb12	2026-05-22	b2c1ee43f468db56388fa452d5181472	Prokaryota	lineages
exiguobacterium_odb12.2	2026-05-22	6b70afd667bb20035af810ca17b572d1	Prokaryota	lineages
fabales_odb10	2024-01-08	b830d5061c0edd67d49a69800ac58598	Eukaryota	lineages
fabales_odb12	2026-05-22	4e1a0adb66c3e2bd131a108cbee8e8c9	Eukaryota	lineages
fabales_odb12.2	2026-05-13	5505de6096f169497b957fd56475d434	Eukaryota	lineages
firmicutes_odb10	2024-01-08	4610a6bc81861850b4d8fc3b33fa7a5c	Prokaryota	lineages
flavobacteriales_odb10	2024-01-08	d8514f1c520e2fe1f3c7d36906f895c4	Prokaryota	lineages
flavobacteriia_odb10	2024-01-08	d4bead34b6d89f0a3e36b5250941726d	Prokaryota	lineages
flavobacteriia_odb12	2026-05-22	45f05ece8f4b96357c66bf870ca5cbd3	Prokaryota	lineages
flavobacteriia_odb12.2	2026-05-22	f57596bb51e50fe853c74621ec1829a7	Prokaryota	lineages
flavobacterium_odb12	2026-05-22	f0d5e78d391212697126eab7560fb437	Prokaryota	lineages
flavobacterium_odb12.2	2026-05-22	84de07bb7f14da065765e388ee87f55f	Prokaryota	lineages
formicidae_odb12	2026-05-22	0aad479aa9362663d4846525d8bc132f	Eukaryota	lineages
formicidae_odb12.2	2026-05-13	169bf64b38690b850505b8819a669c0b	Eukaryota	lineages
francisellaceae_odb12	2026-05-22	9f711fae35ed6dbf83aa16c048b57e02	Prokaryota	lineages
francisellaceae_odb12.2	2026-05-22	e9721d2ba86a0107982da90a5422c8b3	Prokaryota	lineages
frankia_odb12	2026-05-22	b0a385011772109145dbcdfe4c5e77fa	Prokaryota	lineages
frankia_odb12.2	2026-05-22	647ee1c79f94fe421418bd21a8758d10	Prokaryota	lineages
fromanvirus_odb10	2024-01-08	48f5b7b57afa387315c9e006410f55b9	Virus	lineages
fungi_odb10	2024-01-08	d389cb627ded374b47db05630191494e	Eukaryota	lineages
fungi_odb12	2026-05-22	79aba415d64ed9a7b1994452b99106cc	Eukaryota	lineages
fungi_odb12.2	2026-05-13	402c2efcc56ac17bce6c891d7b4d8aa7	Eukaryota	lineages
fusobacteriaceae_odb12	2026-05-22	14eda98023ad934110e72deece30a941	Prokaryota	lineages
fusobacteriaceae_odb12.2	2026-05-22	48bb1a77df834ec9b281a211da87de65	Prokaryota	lineages
fusobacteriales_odb10	2024-01-08	c25c6d2e434d2ad8f91f6d5bccce30a5	Prokaryota	lineages
fusobacteria_odb10	2024-01-08	4e249141ccd9f730e52d386f2b9c0185	Prokaryota	lineages
fusobacteriota_odb12	2026-05-22	559486be113942e243626afb49293697	Prokaryota	lineages
fusobacteriota_odb12.2	2026-05-22	5c4b6fdd6354b3b5de24491e6602261f	Prokaryota	lineages
fusobacterium_odb12	2026-05-22	184121ad35ab891ab0e7937b2a5a64a7	Prokaryota	lineages
fusobacterium_odb12.2	2026-05-22	fafb5e8b4e534c39c81746a51200dadf	Prokaryota	lineages
galloanserae_odb12	2026-05-22	408a28b25140b20439b264f96867485b	Eukaryota	lineages
galloanserae_odb12.2	2026-05-13	672ba9daf46a501b09b85b4563f0166b	Eukaryota	lineages
gammaherpesvirinae_odb10	2024-01-08	da764ed072f3fb78cae2ff7e90868a9f	Virus	lineages
gammaproteobacteria_odb10	2024-01-08	5ade21bee041306a5a12a4c2047d978d	Prokaryota	lineages
gammaproteobacteria_odb12	2026-05-22	3bab3220d7340deba9598fdf54c29d0d	Prokaryota	lineages
gammaproteobacteria_odb12.2	2026-05-22	ac88968159194cf6931ef35788ed9563	Prokaryota	lineages
geobacteraceae_odb12	2026-05-22	fb69b71d6fd2b2198adf430b8b2b9820	Prokaryota	lineages
geobacteraceae_odb12.2	2026-05-22	a1e60eb817b00356c32908fb4977cfe0	Prokaryota	lineages
geobacter_odb12	2026-05-22	e587c61d2414ad52bfd2f5e74f68e31d	Prokaryota	lineages
geobacter_odb12.2	2026-05-22	0cd648cd22892055c3c1a74106f0a938	Prokaryota	lineages
glires_odb10	2024-01-08	e556d8cd17fc9ed1ee6ffd1275809268	Eukaryota	lineages
glires_odb12	2026-05-22	6f50b1dc036a6bcca7fd4f8aa81c538b	Eukaryota	lineages
glires_odb12.2	2026-05-13	bbf9900ec0f06d0d40d95b05a46d08d6	Eukaryota	lineages
glomerellales_odb10	2024-01-08	d1de6bb04a0d4ed8c816dbb62586faff	Eukaryota	lineages
glomerellales_odb12	2026-05-22	c7b98d62947370001995589295c98487	Eukaryota	lineages
glomerellales_odb12.2	2026-05-13	ad3cd5715d80c59c20aeb7604d73c0bb	Eukaryota	lineages
gordonia_odb12	2026-05-22	bd526f940201a7d1fa71b00ecc60ddd4	Prokaryota	lineages
gordonia_odb12.2	2026-05-22	e26836ff58b0e61e540e0665636d9a2f	Prokaryota	lineages
guernseyvirinae_odb10	2024-01-08	484f59b9efc120c118fae2e6c178ffaa	Virus	lineages
haloarculaceae_odb12	2026-05-22	20c3fee93bfbec1dc2c186142c9e4b4a	Prokaryota	lineages
haloarculaceae_odb12.2	2026-05-22	764248659fea4949b1b1aff37e50ed88	Prokaryota	lineages
haloarcula_odb12	2026-05-22	a8fa4d0ae69112562bbc3a41f6acb83d	Prokaryota	lineages
haloarcula_odb12.2	2026-05-22	12c690ae30196101f3894079ec1773af	Prokaryota	lineages
halobacteriaceae_odb12	2026-05-22	1b283e861c14ec265511268ff59d9371	Prokaryota	lineages
halobacteriaceae_odb12.2	2026-05-22	4b25a58d302d750f116ddf1da0e2a87b	Prokaryota	lineages
halobacteriales_odb10	2024-01-08	79b455d2fe7a132673d7e40a3d123370	Prokaryota	lineages
halobacteriales_odb12	2026-05-22	09f423dd4e3c8fa252f3157873a2e50d	Prokaryota	lineages
halobacteriales_odb12.2	2026-05-22	ea6940ef8101b07a3ab058fe52ec59f4	Prokaryota	lineages
halobacteria_odb10	2024-01-08	0b1efa4df56adb7423df34505c1c7814	Prokaryota	lineages
halobacteria_odb12	2026-05-22	4f013bd0620120d7849639123edfabf6	Prokaryota	lineages
halobacteria_odb12.2	2026-05-22	4b894dd3067ebca7ad60050bcd5673bf	Prokaryota	lineages
haloferacaceae_odb12	2026-05-22	024766b3a58919f3a3b481e1562b5d03	Prokaryota	lineages
haloferacaceae_odb12.2	2026-05-22	4cddb2eb4ecf0769bc32e0d7bde370fd	Prokaryota	lineages
haloferacales_odb10	2024-01-08	99e1945897e61256586c478dd8678cdc	Prokaryota	lineages
haloferacales_odb12	2026-05-22	27ac50dfc18fa856ac1dc0cac2ebfda8	Prokaryota	lineages
haloferacales_odb12.2	2026-05-22	e7dd5848c884ca535d9cae354435443e	Prokaryota	lineages
haloferax_odb12	2026-05-22	2570f1e6813350e7139daa5127474e4b	Prokaryota	lineages
haloferax_odb12.2	2026-05-22	b16dde5c816d4ad48cbfaf367f58fba0	Prokaryota	lineages
halomonadaceae_odb12	2026-05-22	709f5e6158523e37c3ba9532f37e6a90	Prokaryota	lineages
halomonadaceae_odb12.2	2026-05-22	06bd108c9d5130df3247f50647fa2526	Prokaryota	lineages
halomonas_odb12	2026-05-22	8a5cf360d95634a5b515db8de7c2d640	Prokaryota	lineages
halomonas_odb12.2	2026-05-22	61d971ca65acd32d5ba12616fb62a6d8	Prokaryota	lineages
halorubrum_odb12	2026-05-22	04d0961fe05ed732421d1ea3bca3660b	Prokaryota	lineages
halorubrum_odb12.2	2026-05-22	a586ea383e383139f3b6cf1e3ae087e9	Prokaryota	lineages
haloterrigena_odb12	2026-05-22	c027e3975aa98b1798e9eb90b7adb3e9	Prokaryota	lineages
haloterrigena_odb12.2	2026-05-22	5d0cf2957a9373532a168575e6b8e91d	Prokaryota	lineages
helotiales_odb10	2024-01-08	68b7b6ae8f5f933a282000711e163a3a	Eukaryota	lineages
helotiales_odb12	2026-05-22	1cfe2708375094e1b422eadae414ce90	Eukaryota	lineages
helotiales_odb12.2	2026-05-13	b6da519900ba80586eae082bfb5419e3	Eukaryota	lineages
hemiptera_odb10	2024-01-08	02bc28602cd3ec17f3b3bda43e3a2888	Eukaryota	lineages
hemiptera_odb12	2026-05-22	207d28b7a9c0d4780ff8e5af5ef7ba55	Eukaryota	lineages
hemiptera_odb12.2	2026-05-13	a430307f3515e8ea5d3672b53e55e4d7	Eukaryota	lineages
herbaspirillum_odb12	2026-05-22	54b5d5508fe3125ca27a31a9f1948a02	Prokaryota	lineages
herbaspirillum_odb12.2	2026-05-22	5e8ce1d3e96b8c90e826a5901fd9f98d	Prokaryota	lineages
herpesviridae_odb10	2024-01-08	79856510300f9379e518cc8180ad14fb	Virus	lineages
hexapoda_odb12	2026-05-22	584d8744013d17ec5a3c2191135b813b	Eukaryota	lineages
hexapoda_odb12.2	2026-05-13	496868f7a7a3249769478e7f83e1f8fd	Eukaryota	lineages
hymenobacteraceae_odb12	2026-05-22	908031708fbdaeac43f12e9c6e4deb98	Prokaryota	lineages
hymenobacteraceae_odb12.2	2026-05-22	327065190872062bc68bd1730fcf2b6f	Prokaryota	lineages
hymenobacter_odb12	2026-05-22	d5b4cddf8635faee5c75695139e416aa	Prokaryota	lineages
hymenobacter_odb12.2	2026-05-22	ca7e4981529e3480c05b030ced9bc29c	Prokaryota	lineages
hymenoptera_odb10	2024-01-08	9d10047e5500f51c48104c9784baf6e5	Eukaryota	lineages
hymenoptera_odb12	2026-05-22	6586c18cd70b91da94cc26cb5b9be486	Eukaryota	lineages
hymenoptera_odb12.2	2026-05-13	87d6b405cc6da7e2887276528d4b0d6b	Eukaryota	lineages
hyphomicrobiaceae_odb12	2026-05-22	696bcaa3d32a93601b6e7a971b26cffe	Prokaryota	lineages
hyphomicrobiaceae_odb12.2	2026-05-22	effe8c072095eca8d70a0787db09ba62	Prokaryota	lineages
hyphomicrobiales_odb12	2026-05-22	104ae285c70e506a7c6eed7efb6b87a2	Prokaryota	lineages
hyphomicrobiales_odb12.2	2026-05-22	b8e96fd1f2ab072a1347087410fe9fca	Prokaryota	lineages
hyphomicrobium_odb12	2026-05-22	a7f54b06ca1406a50cfb195a4bfefc6b	Prokaryota	lineages
hyphomicrobium_odb12.2	2026-05-22	21bffbe8a22cf7038469583dd62cce9e	Prokaryota	lineages
hyphomonadaceae_odb12	2026-05-22	2b40c0a12a59635bb7a63ba92acb435e	Prokaryota	lineages
hyphomonadaceae_odb12.2	2026-05-22	6527de5735ad0cc0365db6788fa3fac7	Prokaryota	lineages
hyphomonas_odb12	2026-05-22	56ad0a2a5715ce134136820dd627d968	Prokaryota	lineages
hyphomonas_odb12.2	2026-05-22	053fe951da14dee6d556b86a0097f91e	Prokaryota	lineages
hypocreaceae_odb12	2026-05-22	90a54b233a6e34920246f95fa30673d6	Eukaryota	lineages
hypocreaceae_odb12.2	2026-05-13	46aed3bfb2bf61c32effa005ee6a081a	Eukaryota	lineages
hypocreales_odb10	2024-01-08	2f85af3da8d3e9b20daf47c924ad4385	Eukaryota	lineages
hypocreales_odb12	2026-05-22	2ff7b39e40ad7e5a50d876570d8d46b3	Eukaryota	lineages
hypocreales_odb12.2	2026-05-13	1d4893fe35dd31edc85738e0ac0eb577	Eukaryota	lineages
idiomarina_odb12	2026-05-22	cbbd92bafae0328229795249e97accf5	Prokaryota	lineages
idiomarina_odb12.2	2026-05-22	735153cd0dd1adbc4b3bc87b5406afcb	Prokaryota	lineages
insecta_odb10	2024-01-08	fe5d4360ef9829c3c663acab4fe1f1da	Eukaryota	lineages
insecta_odb12	2026-05-22	9d46d7ac80426e0ec61e34bf25807b0a	Eukaryota	lineages
insecta_odb12.2	2026-05-13	074f45461262da213d382c43680a5252	Eukaryota	lineages
intrasporangiaceae_odb12	2026-05-22	09524d7129a171830f55ff81b56523a9	Prokaryota	lineages
intrasporangiaceae_odb12.2	2026-05-22	99e387efef8c68cb30c185270bc36dae	Prokaryota	lineages
iridoviridae_odb10	2024-01-08	3b3e67bb85d616fd874b26479d6abaea	Virus	lineages
jannaschia_odb12	2026-05-22	731cc3adaa27a38120a43f5ef54228a5	Prokaryota	lineages
jannaschia_odb12.2	2026-05-22	27b2fa55ef5e0b2be76d91211e0191c3	Prokaryota	lineages
janthinobacterium_odb12	2026-05-22	9ce77c40327f4099b87c91b06ab0a025	Prokaryota	lineages
janthinobacterium_odb12.2	2026-05-22	c188f4976af73929f0f4f477c0dd4bc6	Prokaryota	lineages
kitasatosporales_odb12	2026-05-22	e6b41b24b87da23a90baaa657b9f8809	Prokaryota	lineages
kitasatosporales_odb12.2	2026-05-22	a2713e7e1fdadf942fb9aeb5ebbad7a9	Prokaryota	lineages
kitasatospora_odb12	2026-05-22	599d5fddfdd55c8eb82d6929a47b5df8	Prokaryota	lineages
kitasatospora_odb12.2	2026-05-22	fb1e82f98f67afcc7bce1ee4c3f7f712	Prokaryota	lineages
kocuria_odb12	2026-05-22	d1956fa0414e1b4c2ee61bcadef7ae2f	Prokaryota	lineages
kocuria_odb12.2	2026-05-22	86a2b895aa523727c280617692ef665d	Prokaryota	lineages
labrenzia_odb12	2026-05-22	6cabf25f4e0a4340db19dce201d23023	Prokaryota	lineages
labrenzia_odb12.2	2026-05-22	161614900a1ecb76d22778451ebb0d59	Prokaryota	lineages
lachnoclostridium_odb12	2026-05-22	40e7cb168dd9226e9bf0366a284a23d7	Prokaryota	lineages
lachnoclostridium_odb12.2	2026-05-22	704f53581f75f861f568c59517a76233	Prokaryota	lineages
lachnospiraceae_odb12	2026-05-22	62741709c91ba409ebf4a1d29358e15b	Prokaryota	lineages
lachnospiraceae_odb12.2	2026-05-22	8f87ca917a8b830e55ff7968994d21e4	Prokaryota	lineages
lactobacillaceae_odb12	2026-05-22	44fe49c32e57fcb09a487926f5003696	Prokaryota	lineages
lactobacillaceae_odb12.2	2026-05-22	387343a4d9d28c42b0316d3e6ba1338f	Prokaryota	lineages
lactobacillales_odb10	2024-01-08	1377e13f55575410373f78d984e6d49b	Prokaryota	lineages
lactobacillales_odb12	2026-05-22	fccb0e061ca8d3a3e9ac7b5e5d0edda6	Prokaryota	lineages
lactobacillales_odb12.2	2026-05-22	0ad3a87ae3fee384760549796a7b9f65	Prokaryota	lineages
lactobacillus_odb12	2026-05-22	95b932ce2d7a3f62d3db3a060839f9bd	Prokaryota	lineages
lactobacillus_odb12.2	2026-05-22	6e8323274f7b52597bff490e89612b40	Prokaryota	lineages
lamiales_odb12	2026-05-22	534ea4e7fc217c9af85d2b435f5b6d0a	Eukaryota	lineages
lamiales_odb12.2	2026-05-13	0d3f64f036b51a5e6726b2ef9a130632	Eukaryota	lineages
laurasiatheria_odb10	2024-01-08	4b69d3754077ee8a121ff4c1a814038b	Eukaryota	lineages
laurasiatheria_odb12	2026-05-22	a93373ebb5aa722ab61506a0fb664b70	Eukaryota	lineages
laurasiatheria_odb12.2	2026-05-13	d2b50de2614ce5eca9884ca3d6f44e34	Eukaryota	lineages
legionellaceae_odb12	2026-05-22	a4e12b805ec75a75102b7244a17016d6	Prokaryota	lineages
legionellaceae_odb12.2	2026-05-22	c8746a7dd8f6aedbc7d061c5a6141033	Prokaryota	lineages
legionellales_odb10	2024-01-08	0432b6cbcce14bcf292ae8fd01202f81	Prokaryota	lineages
legionellales_odb12	2026-05-22	051ffcccb1f42c50c313a6685260601b	Prokaryota	lineages
legionellales_odb12.2	2026-05-22	d469c8b49950f5c4f3d9afd4ae2c8519	Prokaryota	lineages
leifsonia_odb12	2026-05-22	3c3a1ceb2e5f9f7d487a5c379ed3aa38	Prokaryota	lineages
leifsonia_odb12.2	2026-05-22	efe91a800ce8e61337b006271b6bbc51	Prokaryota	lineages
leishmaniinae_odb12	2026-05-22	4db64a81acd44e369935fe296a98e0b6	Eukaryota	lineages
leishmaniinae_odb12.2	2026-05-13	5d26f1c9ed7eeab1ebd477ac4ca501fe	Eukaryota	lineages
leotiomycetes_odb10	2024-01-08	7c6ef2d12e2c7529097ac033b46f43df	Eukaryota	lineages
leotiomycetes_odb12	2026-05-22	8957a5279b9b7d9e71afdff4c9f1188d	Eukaryota	lineages
leotiomycetes_odb12.2	2026-05-13	49532d0a45aa2ba61334eb90de1fb011	Eukaryota	lineages
lepidoptera_odb10	2024-01-08	4ad4f7c458c170c0b3245712b4e1cf1e	Eukaryota	lineages
lepidoptera_odb12	2026-05-22	8c98aa8f2f63638302e1fb3cd2242eba	Eukaryota	lineages
lepidoptera_odb12.2	2026-05-13	97ff208ff4b951905349da8a17fc6d45	Eukaryota	lineages
leptolyngbya_odb12	2026-05-22	f4ddff40c494339a14bc91ad0625d86a	Prokaryota	lineages
leptolyngbya_odb12.2	2026-05-22	98adfabf151a0c981a63595f7e624f8b	Prokaryota	lineages
leptospiraceae_odb12	2026-05-22	dd7b29fd0e205bb7590c3a208b9c1c53	Prokaryota	lineages
leptospiraceae_odb12.2	2026-05-22	6665888383aaaf2d817e3e21e3566980	Prokaryota	lineages
leptotrichia_odb12	2026-05-22	09a9ecefab8f511bd980fa8149e4169b	Prokaryota	lineages
leptotrichia_odb12.2	2026-05-22	4ef05f9f931e5ef6f87a131953c20b0d	Prokaryota	lineages
leucobacter_odb12	2026-05-22	953b80173a6072d4a61457d3a2f03da7	Prokaryota	lineages
leucobacter_odb12.2	2026-05-22	fcc02fe9dff2434e303b04105b84bba6	Prokaryota	lineages
liliopsida_odb10	2024-01-08	154552d116896e02c282a7d91791cb7d	Eukaryota	lineages
liliopsida_odb12	2026-05-22	b863055c725d2d1d3a40cf53ea9e26f1	Eukaryota	lineages
liliopsida_odb12.2	2026-05-13	ab203a300836e523e46da424f845b295	Eukaryota	lineages
lineages_list_odb10.txt	2021-12-14	98b74de9ef6c51f4b42168bbb62b34cc	-	information
lineages_list_odb12.txt	2026-05-26	636a4e0a89f44199e5e37979f77d25c2	-	information
lineages_list.txt	2026-05-26	5373ed205efe08233e2092397937824f	-	information
listeriaceae_odb12	2026-05-22	c0b8d58ad3122f1986b83a7077395f5c	Prokaryota	lineages
listeriaceae_odb12.2	2026-05-22	8de55887a86ad640f66468967ba42cd0	Prokaryota	lineages
listeria_odb12	2026-05-22	05715e4b16d178c9d5c0a22b1e42ec79	Prokaryota	lineages
listeria_odb12.2	2026-05-22	e686e1b3b7013a64f44dda9ef9263732	Prokaryota	lineages
list_of_reference_markers.archaea_odb10.txt	2019-12-16	0143477e3666a5bcdec26a826eb01ab4	Prokaryota	placement_files
list_of_reference_markers.archaea_odb12.2.txt	2026-05-27	2d64161add193bbb4bbd739edd7ddd8a	Prokaryota	placement_files
list_of_reference_markers.archaea_odb12.txt	2024-11-15	5572799d96b770a21cb4be3f79f5b724	Prokaryota	placement_files
list_of_reference_markers.bacteria_odb10.txt	2019-12-16	e82a39f3060123f4322057c632d7691c	Prokaryota	placement_files
list_of_reference_markers.bacteria_odb12.2.txt	2026-05-27	3eb584d97bf056fd385ec567655f108f	Prokaryota	placement_files
list_of_reference_markers.bacteria_odb12.txt	2024-11-15	39bdd2903972116c6ea5950fbfa46479	Prokaryota	placement_files
list_of_reference_markers.eukaryota_odb10.txt	2019-12-16	95a02d2bbe1659778bda594d59c90ee1	Eukaryota	placement_files
list_of_reference_markers.eukaryota_odb12.2.txt	2026-05-13	a580c16c2762efd94e54f6ab383575d4	Eukaryota	placement_files
list_of_reference_markers.eukaryota_odb12.txt	2025-01-15	4496a19a64421b65804e259ef2323b09	Eukaryota	placement_files
loktanella_odb12	2026-05-22	2f2d07e6b94d678de4dd99dbfa3a3c7c	Prokaryota	lineages
loktanella_odb12.2	2026-05-22	cc4d5bf3cd4429d906cb8c3cfcf7230a	Prokaryota	lineages
lophotrochozoa_odb12	2026-05-22	a20762e523efadefaef4d37524b6bfbd	Eukaryota	lineages
lophotrochozoa_odb12.2	2026-05-13	53a9beb504c950ec7a6171b34a9418bc	Eukaryota	lineages
luteimonas_odb12	2026-05-22	def6f5c04dc9013498e84b9defd6f3fb	Prokaryota	lineages
luteimonas_odb12.2	2026-05-22	e37635097c7849d870e1eb4fddfa7f08	Prokaryota	lineages
lysinibacillus_odb12	2026-05-22	953f4e8eb7a22f7e7b584c4f324723b0	Prokaryota	lineages
lysinibacillus_odb12.2	2026-05-22	3516ed69a8d17e50565ce48c8b42dafc	Prokaryota	lineages
lysobacter_odb12	2026-05-22	2e82134e42fd3ee57b519aaee85bb48c	Prokaryota	lineages
lysobacter_odb12.2	2026-05-22	6a9c39c759a2d29db5b5fc53f6de8b4e	Prokaryota	lineages
malpighiales_odb12	2026-05-22	cd7c33ca857dc8686d47bddc357caf6e	Eukaryota	lineages
malpighiales_odb12.2	2026-05-13	c1ca3acf54a1f711b798167531149a7f	Eukaryota	lineages
mammalia_odb10	2024-01-08	5e1b55c306640771a7700d36ae67e1e2	Eukaryota	lineages
mammalia_odb12	2026-05-22	080eaccde0ab9beee3b7890073dfae12	Eukaryota	lineages
mammalia_odb12.2	2026-05-13	7ce397d0b8e981a8711bb51d663ad5d6	Eukaryota	lineages
mapping_taxid-lineage.archaea_odb10.txt	2019-12-16	5a05ab8eb491f6d4ae9f7774fd778f7e	Prokaryota	placement_files
mapping_taxid-lineage.archaea_odb12.2.txt	2026-05-27	f47152e9439b8f1b67027c2af8911a12	Prokaryota	placement_files
mapping_taxid-lineage.archaea_odb12.txt	2024-11-15	17fb815e15f4c168e6801c2fdbfd1f7f	Prokaryota	placement_files
mapping_taxid-lineage.bacteria_odb10.txt	2019-12-16	b25a5a807f4ff70f4343ef7500d26975	Prokaryota	placement_files
mapping_taxid-lineage.bacteria_odb12.2.txt	2026-05-27	1bd53eb544cef91a0bf3e97a476d23e9	Prokaryota	placement_files
mapping_taxid-lineage.bacteria_odb12.txt	2024-11-15	d69b5a7085199ea00592da16b82151a7	Prokaryota	placement_files
mapping_taxid-lineage.eukaryota_odb10.txt	2019-12-16	e5b047a09cee36f1116f7de1453276b4	Eukaryota	placement_files
mapping_taxid-lineage.eukaryota_odb12.2.txt	2026-05-13	832640fb39342db04a15f79aac778c75	Eukaryota	placement_files
mapping_taxid-lineage.eukaryota_odb12.txt	2025-01-15	8c03ff1d3f80175945b31106040e6110	Eukaryota	placement_files
mapping_taxids-busco_dataset_name.archaea_odb10.txt	2019-12-16	d8cc75b75e052e475e07d84cb4d8cd06	Prokaryota	placement_files
mapping_taxids-busco_dataset_name.archaea_odb12.2.txt	2026-05-27	bcbca8996384247d057b07cdbed70f55	Prokaryota	placement_files
mapping_taxids-busco_dataset_name.archaea_odb12.txt	2024-11-15	2396f45b3acc6bc97a742b1da95e5d43	Prokaryota	placement_files
mapping_taxids-busco_dataset_name.bacteria_odb10.txt	2019-12-16	79514724345b6cae32bb05ecacc11386	Prokaryota	placement_files
mapping_taxids-busco_dataset_name.bacteria_odb12.2.txt	2026-05-27	546cbf468df0e5fb7b10393879485af4	Prokaryota	placement_files
mapping_taxids-busco_dataset_name.bacteria_odb12.txt	2024-11-15	07202b73b2e9ea62092b97895b987828	Prokaryota	placement_files
mapping_taxids-busco_dataset_name.eukaryota_odb10.txt	2019-12-16	435492f974732bb2d562d5abe54bd494	Eukaryota	placement_files
mapping_taxids-busco_dataset_name.eukaryota_odb12.2.txt	2026-05-13	174b963c29884ea58b2359768ec14677	Eukaryota	placement_files
mapping_taxids-busco_dataset_name.eukaryota_odb12.txt	2025-01-15	454f1b676af58b73b519803bac10c691	Eukaryota	placement_files
maribacter_odb12	2026-05-22	7a6494ab5eabd2c9880dfada0f4b9c2c	Prokaryota	lineages
maribacter_odb12.2	2026-05-22	b68eab736c144d9abf9df5a6d3b1cb81	Prokaryota	lineages
marinobacterium_odb12	2026-05-22	7b2e814f1c98ecc19043a162a944487f	Prokaryota	lineages
marinobacterium_odb12.2	2026-05-22	6f7218f36a0ffced7f9f4b5ef7daa3ca	Prokaryota	lineages
marinobacter_odb12	2026-05-22	03df3af10194c3aa514da9b4fd8ed3e1	Prokaryota	lineages
marinobacter_odb12.2	2026-05-22	e0d409cefe67752ed82fc99561f4e0d2	Prokaryota	lineages
marinomonas_odb12	2026-05-22	a5c3caad8a30395e1141f19aaee51b99	Prokaryota	lineages
marinomonas_odb12.2	2026-05-22	a951841ee9814571d98c6d12dcaa7db8	Prokaryota	lineages
massilia_odb12	2026-05-22	e08c75bfee059c0e899f521255fba9dd	Prokaryota	lineages
massilia_odb12.2	2026-05-22	5ad993c807fc9720edccdf15ef524da6	Prokaryota	lineages
megasphaera_odb12	2026-05-22	cc880bf484f3ea5a33df981a1abc2bef	Prokaryota	lineages
megasphaera_odb12.2	2026-05-22	97fed4f3d7a45ef4149ac6adcb94890f	Prokaryota	lineages
meiothermus_odb12	2026-05-22	3364f051758eb423fc9eb65bda1a7085	Prokaryota	lineages
meiothermus_odb12.2	2026-05-22	556a82fa8fc6ddd3d8154ae0ac9fa62b	Prokaryota	lineages
mesorhizobium_odb12	2026-05-22	b4b1c20a6defc5c1683eaf38e2f9870a	Prokaryota	lineages
mesorhizobium_odb12.2	2026-05-22	b7ed76baaf92fdd5958e6d0985a079fd	Prokaryota	lineages
metazoa_odb10	2024-01-08	3372747bddabccabfdc291fcd4114899	Eukaryota	lineages
metazoa_odb12	2026-05-22	47e9ee7ecece9fc9fd39e0da6d5e855b	Eukaryota	lineages
metazoa_odb12.2	2026-05-13	4524ba49e1092438b46486d6b0fadf59	Eukaryota	lineages
methanobacteria_odb10	2024-01-08	36df24c0adf12f76fbd7d26ce417b2c1	Prokaryota	lineages
methanobacteria_odb12	2026-05-22	a664ab0bfb05bb1bd4e27b98338fd5b9	Prokaryota	lineages
methanobacteria_odb12.2	2026-05-22	45ac698849a0a2974325be294a6d8394	Prokaryota	lineages
methanobacterium_odb12	2026-05-22	13ef9e30ba50fd1aa9b61f52991c1ebb	Prokaryota	lineages
methanobacterium_odb12.2	2026-05-22	8437800321b2a6fc50e7a5523fd6ded4	Prokaryota	lineages
methanobrevibacter_odb12	2026-05-22	fcf0e60aa50e21575efc898ea22e46ee	Prokaryota	lineages
methanobrevibacter_odb12.2	2026-05-22	a04d5e9918d192cac9be9c75a7c62414	Prokaryota	lineages
methanococcaceae_odb12	2026-05-22	ec17963b74c3fef80482bf32a1a286c6	Prokaryota	lineages
methanococcaceae_odb12.2	2026-05-22	39383d23bf8d31f0f09f4b9a9ca0377b	Prokaryota	lineages
methanococcales_odb10	2024-01-08	bfb1b8d0781c6d55bc89fa4fd84f5a1d	Prokaryota	lineages
methanococcales_odb12	2026-05-22	b1d00402da76ff962db8575b63c6acd0	Prokaryota	lineages
methanococcales_odb12.2	2026-05-22	3115d00d177e119c974bb70dbee6df72	Prokaryota	lineages
methanomicrobiaceae_odb12	2026-05-22	d5c2b6ba183102249ebcd25ee909d4d0	Prokaryota	lineages
methanomicrobiaceae_odb12.2	2026-05-22	d931245ab96a577d608c894ad496e991	Prokaryota	lineages
methanomicrobiales_odb10	2024-01-08	4b210069ed2c656fd1f60b55d35a70ad	Prokaryota	lineages
methanomicrobiales_odb12	2026-05-22	5733f286a7b6b67076309ead020cb32b	Prokaryota	lineages
methanomicrobiales_odb12.2	2026-05-22	7e2554d56e9f6946bf3ed207a44442d5	Prokaryota	lineages
methanomicrobia_odb10	2024-01-08	2e63c7dfddb70829fd1d3ed87d30611f	Prokaryota	lineages
methanomicrobia_odb12	2026-05-22	0c0b3b6eec83f7ae7b3fbe46e55f0a1e	Prokaryota	lineages
methanomicrobia_odb12.2	2026-05-22	613c387a887ebe5822ff5e7dc6ed020e	Prokaryota	lineages
methanosarcinaceae_odb12	2026-05-22	db8ffdba9e289dedae50bdc584068578	Prokaryota	lineages
methanosarcinaceae_odb12.2	2026-05-22	719edf73f382f15f5f683e3151a0fcf3	Prokaryota	lineages
methanosarcina_odb12	2026-05-22	c7c41ddb80bf95dbb55ed68c89c0a8d2	Prokaryota	lineages
methanosarcina_odb12.2	2026-05-22	a9fd34eaa066737776c8adf47bff9c9a	Prokaryota	lineages
methylobacteriaceae_odb12	2026-05-22	71d97a313800be75bf4f04ada00bd6c9	Prokaryota	lineages
methylobacteriaceae_odb12.2	2026-05-22	7aef4cf715f73b49b722a3b6f7b4fe81	Prokaryota	lineages
methylobacterium_odb12	2026-05-22	89d542f05c21d1b40be8407193617073	Prokaryota	lineages
methylobacterium_odb12.2	2026-05-22	13ce91ef8345f513d53f16071b4c6ff6	Prokaryota	lineages
methylococcaceae_odb12	2026-05-22	98b3eeeeeb574c95b52d80299c1e51c6	Prokaryota	lineages
methylococcaceae_odb12.2	2026-05-22	0665e91f17e75294af9243cf3c70885b	Prokaryota	lineages
methylophilaceae_odb12	2026-05-22	178ce037b682331edd1f8bee2599a9dd	Prokaryota	lineages
methylophilaceae_odb12.2	2026-05-22	9ba0daf35913ea77f1b3bff8016d8667	Prokaryota	lineages
microbacteriaceae_odb12	2026-05-22	800c4284960297a55cbe0e1ca2bec46f	Prokaryota	lineages
microbacteriaceae_odb12.2	2026-05-22	44118b0cf1bc0851888a41999f1e29b0	Prokaryota	lineages
microbacterium_odb12	2026-05-22	5432158b8706debb41417548ac616dad	Prokaryota	lineages
microbacterium_odb12.2	2026-05-22	6586dcbc49125fd0f5a56690ce26b96d	Prokaryota	lineages
microbotryomycetes_odb12	2026-05-22	205b7604e7471ea321becfcb25a7f4ba	Eukaryota	lineages
microbotryomycetes_odb12.2	2026-05-13	59a68483573b5518cd1866b4b4f5018f	Eukaryota	lineages
micrococcaceae_odb12	2026-05-22	ce49192fd92228ce3e0ad42056c94e19	Prokaryota	lineages
micrococcaceae_odb12.2	2026-05-22	fde7dd2ad7d1e81d8dad9e6920327c40	Prokaryota	lineages
micrococcales_odb10	2024-01-08	fdb78019a92964e96b4745defaafc1c4	Prokaryota	lineages
micrococcales_odb12	2026-05-22	2a508ec2563256fb54cbb6de175fb743	Prokaryota	lineages
micrococcales_odb12.2	2026-05-22	112c24affbeca0689e78253e66f0444e	Prokaryota	lineages
micromonosporaceae_odb12	2026-05-22	dcaf96a35eca89819544abd688ab0fbd	Prokaryota	lineages
micromonosporaceae_odb12.2	2026-05-22	1efb2dc55a1368939efdb44b5787b0a6	Prokaryota	lineages
microsporidia_odb10	2024-01-08	c6c96c9fddc451b403ba83630506101e	Eukaryota	lineages
microsporidia_odb12	2026-05-22	dcaeb53477b8fdac4977d7ec0216ce3e	Eukaryota	lineages
microsporidia_odb12.2	2026-05-13	23529599254adc0fd5d68627ea45eaeb	Eukaryota	lineages
mollicutes_odb10	2024-01-08	893e2e596fe937d72b92b81700d5b3e4	Prokaryota	lineages
mollusca_odb10	2024-01-08	d35dfcd38630fb8cb15c646c2482835b	Eukaryota	lineages
mollusca_odb12	2026-05-22	883488eda6dc2db218547739908da744	Eukaryota	lineages
mollusca_odb12.2	2026-05-13	e05c0aee58c138cd2cfc85c5bda07e81	Eukaryota	lineages
moraxellaceae_odb12	2026-05-22	92874a9d31dfe3e867eaa00f047bd134	Prokaryota	lineages
moraxellaceae_odb12.2	2026-05-22	d50192d5065ddeb082b33bb19468eb8b	Prokaryota	lineages
moraxella_odb12	2026-05-22	d0ec82e4a8c2fc8aa64dda9e5847df13	Prokaryota	lineages
moraxella_odb12.2	2026-05-22	39d0ced9e01dcbf5fd65b2c645e58892	Prokaryota	lineages
morganellaceae_odb12	2026-05-22	d77da46937a093d86da37bd9fdb47a17	Prokaryota	lineages
morganellaceae_odb12.2	2026-05-22	ec0010f505f6774d79ea02b0684838dc	Prokaryota	lineages
mucorales_odb10	2024-01-08	3cc5cf5b74b429aad5d62704a041c355	Eukaryota	lineages
mucorales_odb12	2026-05-22	0e07c006cd2ba9f55e15676038aadd16	Eukaryota	lineages
mucorales_odb12.2	2026-05-13	5eb2ef490a7f62046eb4763266d3a182	Eukaryota	lineages
mucoromycota_odb10	2024-01-08	4210498ca504de64e5c9818c8f64962a	Eukaryota	lineages
mucoromycota_odb12	2026-05-22	2504f24777d9ebc6637d7e4fe588da59	Eukaryota	lineages
mucoromycota_odb12.2	2026-05-13	b50e7a56dad825b5693c87121aae09cb	Eukaryota	lineages
mycobacteriaceae_odb12	2026-05-22	a60932cb5e5cf0bba922d36054ad26de	Prokaryota	lineages
mycobacteriaceae_odb12.2	2026-05-22	075c61187897a22c408569b0c07383aa	Prokaryota	lineages
mycobacteriales_odb12	2026-05-22	3ac6df36e12cb7a8d523e6e4b88b6ceb	Prokaryota	lineages
mycobacteriales_odb12.2	2026-05-22	f6bc1412bf663fdf5da3bbe84679a0a0	Prokaryota	lineages
mycobacterium_odb12	2026-05-22	2fdc79ab3851352270b2efe710571a4a	Prokaryota	lineages
mycobacterium_odb12.2	2026-05-22	29376f1ec8e1d0996ce556174501b4d3	Prokaryota	lineages
mycolicibacterium_odb12	2026-05-22	2ff7c75decd41b70d8cff0fbc8fb4a7d	Prokaryota	lineages
mycolicibacterium_odb12.2	2026-05-22	3c61f12a7bddd7e8c9f747a75f6eeabc	Prokaryota	lineages
mycoplasma_odb12	2026-05-22	6c8308083d6919396d47ed5b7d8cf895	Prokaryota	lineages
mycoplasma_odb12.2	2026-05-22	4fbd064843cc2f12ab4ec57aeb7199ba	Prokaryota	lineages
mycoplasmatales_odb10	2024-01-08	36cd7fda07a206d9db3ce0c97cdc0025	Prokaryota	lineages
mycoplasmatales_odb12	2026-05-22	b8815f7aba8f659226b98405d316cfcb	Prokaryota	lineages
mycoplasmatales_odb12.2	2026-05-22	089cd4d7b843b34d7751b6157511e3f4	Prokaryota	lineages
mycoplasmatota_odb12	2026-05-22	39cdc09ac23c528ae09e514ecce47782	Prokaryota	lineages
mycoplasmatota_odb12.2	2026-05-22	16586cf948aa341e90a6fa8af6e1fcda	Prokaryota	lineages
mycosphaerellaceae_odb12	2026-05-22	d665a6e90bc4fd69724156a7f18f1bf2	Eukaryota	lineages
mycosphaerellaceae_odb12.2	2026-05-13	d34323bfe107775cf37147df9e1e6b47	Eukaryota	lineages
natrialbaceae_odb12	2026-05-22	ab1ae0b51294c7f5eb1d10ef9ae0d9a3	Prokaryota	lineages
natrialbaceae_odb12.2	2026-05-22	6c5a2cb18c2bb7049419e04c8211250c	Prokaryota	lineages
natrialbales_odb10	2024-01-08	efa92043b2440ada26425919f875349a	Prokaryota	lineages
natrinema_odb12	2026-05-22	501df2e0828196df66d5e30aa6ca3b71	Prokaryota	lineages
natrinema_odb12.2	2026-05-22	23bcd2607b77a57cb2e7acf392b9ffd2	Prokaryota	lineages
nectriaceae_odb12	2026-05-22	f08fb66e73ea84b98fb9159af1ad94d1	Eukaryota	lineages
nectriaceae_odb12.2	2026-05-13	030c2f25c038dd27d301e6f4f1979f92	Eukaryota	lineages
neisseriales_odb10	2024-01-08	b829a1f5314ebf1f949af4f0e28de0e2	Prokaryota	lineages
neisseriales_odb12	2026-05-22	71fe92efed3379d8f2c8655fe16d7c71	Prokaryota	lineages
neisseriales_odb12.2	2026-05-22	ecb08a2f18aaa5b94d55f552939fa60c	Prokaryota	lineages
neisseria_odb12	2026-05-22	d3dd4f07c357abf0b8637aa34cdd7982	Prokaryota	lineages
neisseria_odb12.2	2026-05-22	5a37bd61bdd59163bf1755f352666921	Prokaryota	lineages
nematocera_odb12	2026-05-22	7d27f5d0983e16cfdc1b830259c51c23	Eukaryota	lineages
nematocera_odb12.2	2026-05-13	3c8ee294853f54c81bc66568205817d3	Eukaryota	lineages
nematoda_odb10	2024-01-08	ec87bb045e2a81868518b1071029d759	Eukaryota	lineages
nematoda_odb12	2026-05-22	5bd3ef38f87c4c25618aa45361145bca	Eukaryota	lineages
nematoda_odb12.2	2026-05-13	4f331c60970fc40bc8b24bef134c6b19	Eukaryota	lineages
nitrobacteraceae_odb12	2026-05-22	4cfcc4ec4f5ba4070f83dc520052a304	Prokaryota	lineages
nitrobacteraceae_odb12.2	2026-05-22	61c32f591deca2ae9c16d75194cb7e33	Prokaryota	lineages
nitrosomonadales_odb10	2024-01-08	5877c85915cbb39a3cf66c9b8c296cf8	Prokaryota	lineages
nitrosomonadales_odb12	2026-05-22	61eab7db3a8a28d324de13b93bdcb9be	Prokaryota	lineages
nitrosomonadales_odb12.2	2026-05-22	70a4264b4bf2711f5d3c9c27cf6a329e	Prokaryota	lineages
nitrosomonas_odb12	2026-05-22	46dc8750d5235e0fb66abb5a5c754b7d	Prokaryota	lineages
nitrosomonas_odb12.2	2026-05-22	6a3720baa5c345c1a58ce1e50638ae03	Prokaryota	lineages
nitrosopumilales_odb12	2026-05-22	79e131517a04c09a11e1b987c66301e4	Prokaryota	lineages
nitrosopumilales_odb12.2	2026-05-22	eb78b20c64cc781409f0752a4f4be617	Prokaryota	lineages
nitrosopumilus_odb12	2026-05-22	fc710010f7469be4131f20797dfc6f39	Prokaryota	lineages
nitrosopumilus_odb12.2	2026-05-22	09d7d7c3df481dbf52bcb33aff26c200	Prokaryota	lineages
nitrososphaerota_odb12	2026-05-22	849a44931f63c6229f59bb76aca47824	Prokaryota	lineages
nitrososphaerota_odb12.2	2026-05-22	aab097f0b403a3c05dafe46115bd62bf	Prokaryota	lineages
nocardiaceae_odb12	2026-05-22	ef4929be603c9469b7ae6ad1cf42d001	Prokaryota	lineages
nocardiaceae_odb12.2	2026-05-22	675f2098d6ff4b9c405f0e1a5c29a6c5	Prokaryota	lineages
nocardia_odb12	2026-05-22	4b084a2a6b0e76ef78b594de7e504a29	Prokaryota	lineages
nocardia_odb12.2	2026-05-22	a29e0d9577d1eb8e3e50308f7f23cce5	Prokaryota	lineages
nocardioides_odb12	2026-05-22	9bb3ccb31428a50596d6a0c5d8d86138	Prokaryota	lineages
nocardioides_odb12.2	2026-05-22	2e8ba95ed27ff7f17694de8945009c90	Prokaryota	lineages
nocardiopsaceae_odb12	2026-05-22	f710308299ded628707e5794dac340d3	Prokaryota	lineages
nocardiopsaceae_odb12.2	2026-05-22	7d17107fc489db86ed03c48501890394	Prokaryota	lineages
nocardiopsis_odb12	2026-05-22	b171dd8e0d1caf0063ba7b5380db501c	Prokaryota	lineages
nocardiopsis_odb12.2	2026-05-22	3875c717411f31a027d9d32e9094e1f6	Prokaryota	lineages
nonlabens_odb12	2026-05-22	e631b98f3d45ccb5f3bb5680119dc27b	Prokaryota	lineages
nonlabens_odb12.2	2026-05-22	ba074560c4fff2faad6e0997017dfff0	Prokaryota	lineages
nostocales_odb10	2024-01-08	2564ddc82836e0d1164d8ab43a78b68a	Prokaryota	lineages
nostocales_odb12	2026-05-22	bbe4b1a7816100f72b2a045f170eb6ce	Prokaryota	lineages
nostocales_odb12.2	2026-05-22	f278bd504c506cf8253dd2ed8af35fec	Prokaryota	lineages
nostoc_odb12	2026-05-22	e5dbc838d9651ab86c7607d8bc36e2c9	Prokaryota	lineages
nostoc_odb12.2	2026-05-22	0cbd2226b24210ff034c9cbd5321f1af	Prokaryota	lineages
novosphingobium_odb12	2026-05-22	e4781faedb974ffe1aba665841c7e4f9	Prokaryota	lineages
novosphingobium_odb12.2	2026-05-22	912af07146b2a47b31c67538590ce64b	Prokaryota	lineages
oceanobacillus_odb12	2026-05-22	e5752e7b19157455f0c5b8ac9068822b	Prokaryota	lineages
oceanobacillus_odb12.2	2026-05-22	d521d122dc49d55c09e1218dd2eb6814	Prokaryota	lineages
oceanospirillaceae_odb12	2026-05-22	a5185a949bd728556ded85b605d8bb4a	Prokaryota	lineages
oceanospirillaceae_odb12.2	2026-05-22	a99bf45e9bed8bbd0bb31e747abffb1c	Prokaryota	lineages
oceanospirillales_odb10	2024-01-08	68600b75c362f9fe8ff2811d141e9cc0	Prokaryota	lineages
oceanospirillales_odb12	2026-05-22	c1b1f6b9f1b9c84b2646d8521bf18c6f	Prokaryota	lineages
oceanospirillales_odb12.2	2026-05-22	9b946572a20cde2f60864986b371e409	Prokaryota	lineages
olsenella_odb12	2026-05-22	8bbfd47420fa294c8624ee7676f62618	Prokaryota	lineages
olsenella_odb12.2	2026-05-22	99171e43dec2ec3bc7d8ed0e2260dcac	Prokaryota	lineages
onygenales_odb10	2024-01-08	6e6b4e1334bb077295ae799c20b38c85	Eukaryota	lineages
onygenales_odb12	2026-05-22	9fdb3e601568fb6c1f3641e1de280896	Eukaryota	lineages
onygenales_odb12.2	2026-05-13	c8b2e2684256fa5d546881948d0791f5	Eukaryota	lineages
oomycota_odb12	2026-05-22	b18edef974976a6a9a79849bb5a7efa2	Eukaryota	lineages
oomycota_odb12.2	2026-05-13	7777829022fafe5a4d7e33210732b323	Eukaryota	lineages
ophiocordycipitaceae_odb12	2026-05-22	327216be206cdf09a6e6bcb236c115be	Eukaryota	lineages
ophiocordycipitaceae_odb12.2	2026-05-13	703d936c9b094088ee798333dd67de2e	Eukaryota	lineages
oscillatoriales_odb10	2024-01-08	58987c4c5fff2c82d473a26c40c6b661	Prokaryota	lineages
oscillatoriales_odb12	2026-05-22	1e13ce062998302422895e0ca0e97a68	Prokaryota	lineages
oscillatoriales_odb12.2	2026-05-22	a34bfa4d24cba8f4ca5fd15fe12476c5	Prokaryota	lineages
oxalobacteraceae_odb12	2026-05-22	1aac3a2677a32c5f3ba88efbed58d132	Prokaryota	lineages
oxalobacteraceae_odb12.2	2026-05-22	a7af9462003619c4e3c845672924b187	Prokaryota	lineages
paenibacillaceae_odb12	2026-05-22	06bf8e31e31abbb30d6a3fd1ebccb6d3	Prokaryota	lineages
paenibacillaceae_odb12.2	2026-05-22	94414e1814731e8e1c43797bc396a0e5	Prokaryota	lineages
paenibacillus_odb12	2026-05-22	bd89a6ddfe90faacdeed8f47df2c033b	Prokaryota	lineages
paenibacillus_odb12.2	2026-05-22	c91bee4c9f8ca3823a8de1214fa4c78b	Prokaryota	lineages
pahexavirus_odb10	2024-01-08	3b1410a4b594471e05c0b4d466e3173b	Virus	lineages
pandoraea_odb12	2026-05-22	109e04235462f13557eb5b495ae29af0	Prokaryota	lineages
pandoraea_odb12.2	2026-05-22	1afb9c86d690347082badc6a7df5a34d	Prokaryota	lineages
pantoea_odb12	2026-05-22	face8a028d828e437d12b94eec4eaf90	Prokaryota	lineages
pantoea_odb12.2	2026-05-22	57a25b734e210d03c1162dab0cb57d46	Prokaryota	lineages
papilionoidea_odb12	2026-05-22	e5adffa6513ffeacbcd34505a43da594	Eukaryota	lineages
papilionoidea_odb12.2	2026-05-13	3f7554dbf27c2979349112c8b09c92b3	Eukaryota	lineages
paraburkholderia_odb12	2026-05-22	ce51a3a1c20e5c206de630ae8d35eee5	Prokaryota	lineages
paraburkholderia_odb12.2	2026-05-22	1d85c2cea911b2613e45f4b6514c7e03	Prokaryota	lineages
paracoccaceae_odb12	2026-05-22	0e05215479679e2756a7e3784f661f57	Prokaryota	lineages
paracoccaceae_odb12.2	2026-05-22	b88b4e44b3a1ee3fa3acbc492035954a	Prokaryota	lineages
paracoccus_odb12	2026-05-22	07e42d07faa2ae8e437bc5eb6cc048b7	Prokaryota	lineages
paracoccus_odb12.2	2026-05-22	5a73969381b98187bd55b98b7c7c2d1c	Prokaryota	lineages
passeriformes_odb10	2024-01-08	41e0a9cbc2c93aa4fd5cd3e8c2876b56	Eukaryota	lineages
passeriformes_odb12	2026-05-22	367c3ccb6e7cb1a0d881904a92fc5b15	Eukaryota	lineages
passeriformes_odb12.2	2026-05-13	c2e8d978bfa0c053875ac967e5c01c6f	Eukaryota	lineages
pasteurellales_odb10	2024-01-08	d9d0d1500ddc1c79f705ea58d233aff8	Prokaryota	lineages
pasteurellales_odb12	2026-05-22	4073cc7aa547fe5973a4210adfd4a4e5	Prokaryota	lineages
pasteurellales_odb12.2	2026-05-22	f23bf35528a5edd1b91c5e11ce0790c8	Prokaryota	lineages
pectobacteriaceae_odb12	2026-05-22	4284b8f1694f4b9533471037c9194aa2	Prokaryota	lineages
pectobacteriaceae_odb12.2	2026-05-22	cae06d720fd2605a191265a956552f4b	Prokaryota	lineages
pectobacterium_odb12	2026-05-22	3ded6bc7dbe5ed5bfbcaa34a23dbe7b9	Prokaryota	lineages
pectobacterium_odb12.2	2026-05-22	72cccd83452b5d3105a6a0494e1bfddb	Prokaryota	lineages
pediococcus_odb12	2026-05-22	c80dad0839fa91558b09691c0da9f8bb	Prokaryota	lineages
pediococcus_odb12.2	2026-05-22	d79ad8cda84989f92f314cdef03b4cb4	Prokaryota	lineages
pedobacter_odb12	2026-05-22	d75b9877184c621eb6ca4d0f0d1e5aac	Prokaryota	lineages
pedobacter_odb12.2	2026-05-22	8fc2c04fc8683a7568b194b8a2c60558	Prokaryota	lineages
peduovirus_odb10	2024-01-08	660b6c8dae78bf76bddd9ba1be2c8bd9	Virus	lineages
pelagibacter_odb12	2026-05-22	7cad30dde5a26be8c323e7980c2ec8f8	Prokaryota	lineages
pelagibacter_odb12.2	2026-05-22	77889d7ab7ad6b3b010841b1804ee0dc	Prokaryota	lineages
penicillium_odb12	2026-05-22	3bbed0da9e70531a1f23216a325b45f3	Eukaryota	lineages
penicillium_odb12.2	2026-05-13	15ce4190a24c85a63bb7c0bf0b41de9b	Eukaryota	lineages
peptococcaceae_odb12	2026-05-22	e3483f1a073133ff437102a72d1191fd	Prokaryota	lineages
peptococcaceae_odb12.2	2026-05-22	f230f72d73448bf5ffd9f175730f70a7	Prokaryota	lineages
peptoniphilus_odb12	2026-05-22	b432b5e183c221475afdd3bb283deb7f	Prokaryota	lineages
peptoniphilus_odb12.2	2026-05-22	0a723fa8ae89cc62c1b5a22ab0cb73f7	Prokaryota	lineages
peptostreptococcaceae_odb12	2026-05-22	4fd94dfe3b938140ff4e84d16a71c434	Prokaryota	lineages
peptostreptococcaceae_odb12.2	2026-05-22	6b1f5fb596bed7d8ba3c0e2b7f6baffa	Prokaryota	lineages
phaeobacter_odb12	2026-05-22	4d97ad4b0c5c0038c4bb3078e7b1bddf	Prokaryota	lineages
phaeobacter_odb12.2	2026-05-22	2ec9fcafcef74dea37c847e19383182d	Prokaryota	lineages
photobacterium_odb12	2026-05-22	0ef28637746aba4d00c1476ccd4850fa	Prokaryota	lineages
photobacterium_odb12.2	2026-05-22	45cff346e5426960add954de2a5015e1	Prokaryota	lineages
phyllobacteriaceae_odb12	2026-05-22	081d688e211b3628ae9b6fa2fe8c1ca1	Prokaryota	lineages
phyllobacteriaceae_odb12.2	2026-05-22	bd1924e0abcfe2a4557a908b7bab5916	Prokaryota	lineages
phytophthora_odb12	2026-05-22	3a346039c8b21e4574d98bd1983e397f	Eukaryota	lineages
phytophthora_odb12.2	2026-05-13	d252753a4367d596da688dd69675d6a6	Eukaryota	lineages
phytoplasma_odb12	2026-05-22	455bfb002562ea3440ef319b47269ff7	Prokaryota	lineages
phytoplasma_odb12.2	2026-05-22	6896836b864cb278bed9cae397dd9f72	Prokaryota	lineages
pichiaceae_odb12	2026-05-22	bfcbb32b4267c73e345cc21a4bd7c63b	Eukaryota	lineages
pichiaceae_odb12.2	2026-05-13	5c8b8a6738b89d18d3b3873789daeccf	Eukaryota	lineages
piroplasmida_odb12	2026-05-22	1a6f0445c7db3950a6da769086da2045	Eukaryota	lineages
piroplasmida_odb12.2	2026-05-13	401439ee514c28a832cfb2e8c36d54ce	Eukaryota	lineages
piscirickettsiaceae_odb12	2026-05-22	a67ad65d4afdd40211e0423a1e3d460f	Prokaryota	lineages
piscirickettsiaceae_odb12.2	2026-05-22	18a394ed4305ea738cc8bf26b0b04d2b	Prokaryota	lineages
planctomycetaceae_odb12	2026-05-22	6cf96b05a9b08b103034a9dc33cdb36d	Prokaryota	lineages
planctomycetaceae_odb12.2	2026-05-22	39172a7e185c4e5129c53ad9824be297	Prokaryota	lineages
planctomycetes_odb10	2024-01-08	4779117e2b4f688e2bdf84faa5806294	Prokaryota	lineages
planctomycetota_odb12	2026-05-22	bfed9dc52201942c1a45d1293f6b19e1	Prokaryota	lineages
planctomycetota_odb12.2	2026-05-22	f13730a3d20bed0cf2a9c21419267af4	Prokaryota	lineages
planococcaceae_odb12	2026-05-22	ab3396ae821e13ca77c187b0ddadd92e	Prokaryota	lineages
planococcaceae_odb12.2	2026-05-22	38d2828b4b995a654185addb3b2b0dac	Prokaryota	lineages
planococcus_odb12	2026-05-22	1a134fa2a0941e6bbe83ff32b04e32a4	Prokaryota	lineages
planococcus_odb12.2	2026-05-22	6ce08a26c13a8e33a57b040c9a7d311d	Prokaryota	lineages
plasmodium_odb10	2024-01-08	dcc21aada8d28ab5caf7db5b13b19db6	Eukaryota	lineages
plasmodium_odb12	2026-05-22	1e202bca56351bebfeae156bfe3e33b2	Eukaryota	lineages
plasmodium_odb12.2	2026-05-13	9d532f8b3843bfe071354ef72a06cc4b	Eukaryota	lineages
pleosporaceae_odb12	2026-05-22	b6036f22c6f744b409637c77c51fa693	Eukaryota	lineages
pleosporaceae_odb12.2	2026-05-13	b4fba22e76386b64454ca3e2eb416568	Eukaryota	lineages
pleosporales_odb10	2024-01-08	724410708694d64cabc152f5d343a48b	Eukaryota	lineages
pleosporales_odb12	2026-05-22	795a5af234fb9b7828b9927dfbebff4a	Eukaryota	lineages
pleosporales_odb12.2	2026-05-13	6b58c4a918c715d1cca5881c6366f746	Eukaryota	lineages
poales_odb10	2024-01-08	e816664c71d968404b2e0acc49d18a44	Eukaryota	lineages
poales_odb12	2026-05-22	e01edfe5b0d702f4f7be94b590d0ab97	Eukaryota	lineages
poales_odb12.2	2026-05-13	c2cf3a2db7a23f9b8c0d3d9af54c5132	Eukaryota	lineages
polaribacter_odb12	2026-05-22	f7105e4b869ac8d5931b4ffb2ffd4486	Prokaryota	lineages
polaribacter_odb12.2	2026-05-22	46635dfe01bd573f3ab982fbfd33771a	Prokaryota	lineages
polyphaga_odb12	2026-05-22	f7de9a85e598268324f24db503dd2363	Eukaryota	lineages
polyphaga_odb12.2	2026-05-13	0b3314a71fb79b35637d3b0886b5a601	Eukaryota	lineages
polyporaceae_odb12	2026-05-22	a41b2a5f34bd62dbb21a71dd1c151d25	Eukaryota	lineages
polyporaceae_odb12.2	2026-05-13	64349bc75538eb3af5d6658a416934fa	Eukaryota	lineages
polyporales_odb10	2024-01-08	27e685efdb0e3abe27c1b7635a07360d	Eukaryota	lineages
polyporales_odb12	2026-05-22	32e209b014a9fdf889d085cbca57975b	Eukaryota	lineages
polyporales_odb12.2	2026-05-13	3a3481a43b97cb279cf07f151e46b9d7	Eukaryota	lineages
pontibacter_odb12	2026-05-22	537f2ee2efafc1c2cc4ecdf6047e90ca	Prokaryota	lineages
pontibacter_odb12.2	2026-05-22	aee2f78f58bd9b71b437f57e89ab2d12	Prokaryota	lineages
porphyrobacter_odb12	2026-05-22	0a76e3c3f8b9ea1f1e6962c129301609	Prokaryota	lineages
porphyrobacter_odb12.2	2026-05-22	8db73e4ab1db8201b53b9ad3504ae4c7	Prokaryota	lineages
porphyromonadaceae_odb12	2026-05-22	4e8da065a2713c240b27c63e83914227	Prokaryota	lineages
porphyromonadaceae_odb12.2	2026-05-22	b66a8dffc4256cdd65187b1971ed0690	Prokaryota	lineages
poxviridae_odb10	2024-01-08	4cb2e71a92b2088a0a0b1f4ff20f94ef	Virus	lineages
prevotellaceae_odb12	2026-05-22	a561d78e092694c5876faba0139c8d4f	Prokaryota	lineages
prevotellaceae_odb12.2	2026-05-22	35689be1fca81899755f0d3a1b08dcc5	Prokaryota	lineages
primates_odb10	2024-01-08	321262a9dd0dcb01b92680e90ec6f344	Eukaryota	lineages
primates_odb12	2026-05-22	35c667eca33424733330c80f33fa8192	Eukaryota	lineages
primates_odb12.2	2026-05-13	41d3fa7583b1d13b960d843a0b4e73d6	Eukaryota	lineages
prochlorococcus_odb12	2026-05-22	f8e1823fe5249e7c16af58bab63493de	Prokaryota	lineages
prochlorococcus_odb12.2	2026-05-22	ef99d2e2b41dd1567facd74e52565fae	Prokaryota	lineages
propionibacteriaceae_odb12	2026-05-22	92bc74b776d613dff509dbab0e00f064	Prokaryota	lineages
propionibacteriaceae_odb12.2	2026-05-22	add49bef47494424843cca2bdf8ee732	Prokaryota	lineages
propionibacteriales_odb10	2024-01-08	ec081179e55c395689bb9099dedeceb7	Prokaryota	lineages
propionibacteriales_odb12	2026-05-22	ab17c8f148587aff417ee5b8c2a4233f	Prokaryota	lineages
propionibacteriales_odb12.2	2026-05-22	bca3895eef1aef36d9a6f0ec9fab2d5a	Prokaryota	lineages
proteobacteria_odb10	2024-01-08	6bb05a7389ee093cbd2bf9261ea4c608	Prokaryota	lineages
pseudeurotiaceae_odb12	2026-05-22	6d153f1f6d6e15d039f3f2e2931322c9	Eukaryota	lineages
pseudeurotiaceae_odb12.2	2026-05-13	75fb8571d8ecbe63cd4da4f0df286629	Eukaryota	lineages
pseudoalteromonas_odb12	2026-05-22	9176a4665f1dd92f3588d1fdd21fdfcd	Prokaryota	lineages
pseudoalteromonas_odb12.2	2026-05-22	2326cdf9edc2ab309092db6e8adf5d01	Prokaryota	lineages
pseudomonadales_odb10	2024-01-08	b966b8bb3e542085dd4337ef5e692f83	Prokaryota	lineages
pseudomonadales_odb12	2026-05-22	0954607f2caa79b726aa5baf45b6487d	Prokaryota	lineages
pseudomonadales_odb12.2	2026-05-22	98b16f101272c9805b7e3bb42cf3eecb	Prokaryota	lineages
pseudomonadota_odb12	2026-05-22	32fffbf9349117ab021988a581b0092f	Prokaryota	lineages
pseudomonadota_odb12.2	2026-05-22	e7e8ebb00ea7274e8eae381cba45708d	Prokaryota	lineages
pseudomonas_odb12	2026-05-22	b7dde6aace01ed01f5c9d579a89e2307	Prokaryota	lineages
pseudomonas_odb12.2	2026-05-22	0ee3ab06f978d047cd43baa48efdbd37	Prokaryota	lineages
pseudonocardiaceae_odb12	2026-05-22	31982bd970d9050b607b1c8fa60e52a6	Prokaryota	lineages
pseudonocardiaceae_odb12.2	2026-05-22	9f13d5cd246405954755a9937787c887	Prokaryota	lineages
pseudonocardia_odb12	2026-05-22	6d7c9cdd2457c9ef911ebd57353a3dc0	Prokaryota	lineages
pseudonocardia_odb12.2	2026-05-22	72470422e60d3d4af415fa71333c72fc	Prokaryota	lineages
pseudoxanthomonas_odb12	2026-05-22	26c7353c5913be3625122232662e1d07	Prokaryota	lineages
pseudoxanthomonas_odb12.2	2026-05-22	957295dd30dadfeebc3622b18e1f1061	Prokaryota	lineages
psychrobacter_odb12	2026-05-22	7cb06b80164366c6b9509bd49cc05c14	Prokaryota	lineages
psychrobacter_odb12.2	2026-05-22	29d3492240fbeff58b44e947322027a2	Prokaryota	lineages
psychromonas_odb12	2026-05-22	52824b5bc2287c9b3b1e291879014cf9	Prokaryota	lineages
psychromonas_odb12.2	2026-05-22	1c1b3b6431bcaea4022d132b5370c069	Prokaryota	lineages
pucciniomycetes_odb12	2026-05-22	78638f61b88fec2bdc597479e30efa97	Eukaryota	lineages
pucciniomycetes_odb12.2	2026-05-13	5662a9f86b37e58572795f0d0eb20ad5	Eukaryota	lineages
ralstonia_odb12	2026-05-22	4f191b0f5b4bb0bf0cdc3dd484662702	Prokaryota	lineages
ralstonia_odb12.2	2026-05-22	ae0668d2671eb8228a23e7b0e549c2bb	Prokaryota	lineages
rhizobiaceae_odb12	2026-05-22	8189f05b98a9d08dbdae248f52917251	Prokaryota	lineages
rhizobiaceae_odb12.2	2026-05-22	ba411240d9661de1443c1ea64d133ab1	Prokaryota	lineages
rhizobiales_odb10	2024-01-08	17f8d1d055dc8f4ff121cad29a86f200	Prokaryota	lineages
rhizobium-agrobacterium_group_odb10	2024-01-08	6bcf42ae66ea48608394b737d54cecfb	Prokaryota	lineages
rhizobium-agrobacterium_group_odb12	2026-05-22	98afafbe2ce6eb702be6fc8a9fb6ffa6	Prokaryota	lineages
rhizobium-agrobacterium_group_odb12.2	2026-05-22	d1cab2f3a880c52de31b99fd309eec0b	Prokaryota	lineages
rhizobium_odb12	2026-05-22	b64de17517e3d790c7116fad7e864373	Prokaryota	lineages
rhizobium_odb12.2	2026-05-22	a32d271310b2807534caf4f5b628be03	Prokaryota	lineages
rhodanobacteraceae_odb12	2026-05-22	288a38f3002765fa8e64790dc2b30d94	Prokaryota	lineages
rhodanobacteraceae_odb12.2	2026-05-22	599af92c3b970746e5ff88d733736d1f	Prokaryota	lineages
rhodobacterales_odb10	2024-01-08	95a00f9c488274d5eb2d00f20485741b	Prokaryota	lineages
rhodobacterales_odb12	2026-05-22	325ac2db1deec171ca218c09e810bd9a	Prokaryota	lineages
rhodobacterales_odb12.2	2026-05-22	6b87509976da721bae6ea0f447e80ab1	Prokaryota	lineages
rhodobacter_odb12	2026-05-22	dbab655a5ac5e9f51354cc74af32ca3a	Prokaryota	lineages
rhodobacter_odb12.2	2026-05-22	b1a4fad9ae54930e73b6e1c9aec532e1	Prokaryota	lineages
rhodococcus_odb12	2026-05-22	bb128df62e495ad6ec70558b77a806b9	Prokaryota	lineages
rhodococcus_odb12.2	2026-05-22	480f167cf7d0ef51e49fc27efbd4038f	Prokaryota	lineages
rhodophyta_odb12	2026-05-22	c7f6eec65459b228e0abbac322f759db	Eukaryota	lineages
rhodophyta_odb12.2	2026-05-13	a93fc6958d6fac1c590b21793fafc9cd	Eukaryota	lineages
rhodopseudomonas_odb12	2026-05-22	01a97317c0dd911ccf052c6b775a12b4	Prokaryota	lineages
rhodopseudomonas_odb12.2	2026-05-22	4290fdd850b8ca6c42e97265133fef16	Prokaryota	lineages
rhodospirillaceae_odb12	2026-05-22	45e0dbf79f782881b3b01adbc8a266f3	Prokaryota	lineages
rhodospirillaceae_odb12.2	2026-05-22	eca527d79b745a6a89d9083f23085cb6	Prokaryota	lineages
rhodospirillales_odb10	2024-01-08	0890d70c48d570c36a09abea2575cc6a	Prokaryota	lineages
rhodospirillales_odb12	2026-05-22	d2372769e510c90ee6a4727b7ce576b9	Prokaryota	lineages
rhodospirillales_odb12.2	2026-05-22	5a70665b36e7c6c26d22713a5e477408	Prokaryota	lineages
rickettsiaceae_odb12	2026-05-22	47b9213879609c21880c3949f0ba1609	Prokaryota	lineages
rickettsiaceae_odb12.2	2026-05-22	6b9bfd551359b2feaa032f06cc540baa	Prokaryota	lineages
rickettsiales_odb10	2024-01-08	3a3c78aa761117f38cb9a43cd3fd3f64	Prokaryota	lineages
rickettsiales_odb12	2026-05-22	fbc6d96257676674df3022145253042c	Prokaryota	lineages
rickettsiales_odb12.2	2026-05-22	7ed6fe9d1578d4bf382148222bf7d2bf	Prokaryota	lineages
rikenellaceae_odb12	2026-05-22	4c022d4dbb211fea8abc82d526ea51c4	Prokaryota	lineages
rikenellaceae_odb12.2	2026-05-22	c6ca4bad98de9e10afae5156723a5341	Prokaryota	lineages
rodentia_odb12	2026-05-22	9e19e9cc6658838ee4c3987e22e09de0	Eukaryota	lineages
rodentia_odb12.2	2026-05-13	949c14a2ec93fb9202cec6f6947b239a	Eukaryota	lineages
rosaceae_odb12	2026-05-22	6f0b357abda8bb6388be25b57f457307	Eukaryota	lineages
rosaceae_odb12.2	2026-05-13	d10e0f99fa546e89cf1a440c0a9480c5	Eukaryota	lineages
rosales_odb12	2026-05-22	c69d20c0c9b3ba2646afe128b70c4413	Eukaryota	lineages
rosales_odb12.2	2026-05-13	1fbbced8781c7d1e29574c580532e79f	Eukaryota	lineages
roseovarius_odb12	2026-05-22	3e9db177feb02e6545a2716c2a6d3957	Prokaryota	lineages
roseovarius_odb12.2	2026-05-22	21eaf3e617fbfcd4ce775aa68a39b50d	Prokaryota	lineages
rudiviridae_odb10	2024-01-08	afad43502a74667304b97a39459700b4	Virus	lineages
ruegeria_odb12	2026-05-22	eefdb197595ac483aa9e438046baa996	Prokaryota	lineages
ruegeria_odb12.2	2026-05-22	0127a91e1b83cbcfe9e0b90d24957b8d	Prokaryota	lineages
ruminococcus_odb12	2026-05-22	64feda145625b0a35fa1835616f20728	Prokaryota	lineages
ruminococcus_odb12.2	2026-05-22	63de3bdac91ea0ebb9b93956e0cfe385	Prokaryota	lineages
saccharomycetaceae_odb12	2026-05-22	91165eede68bfc60ec5a8681864dd137	Eukaryota	lineages
saccharomycetaceae_odb12.2	2026-05-13	2f7ec58aa9d7ab204e400bd918a915bc	Eukaryota	lineages
saccharomycetes_odb10	2024-01-08	8b6e1a7e088592717f9677fdf15da697	Eukaryota	lineages
saccharomycetes_odb12	2026-05-22	c38b86260df74235ea1a8f6e00266a7e	Eukaryota	lineages
saccharomycetes_odb12.2	2026-05-13	1882d67ea037c66ea21bfa43a51d9c95	Eukaryota	lineages
salinicoccus_odb12	2026-05-22	9103f412280b07c82b1b7ff2cf8d9741	Prokaryota	lineages
salinicoccus_odb12.2	2026-05-22	5c9cace03225d0e5c605db27bce2b2d1	Prokaryota	lineages
saprolegniaceae_odb12	2026-05-22	b09e0e0e873488e354eea2d82e81f7c0	Eukaryota	lineages
saprolegniaceae_odb12.2	2026-05-13	73d746b4e21dc8e9615cdf3b574c4f76	Eukaryota	lineages
sauropsida_odb10	2024-01-08	9cc70aa59593e937612bef7c27d1edaf	Eukaryota	lineages
sauropsida_odb12	2026-05-22	a6aa0f01ec1f3bfbce7e88397ea6557c	Eukaryota	lineages
sauropsida_odb12.2	2026-05-13	7dac88cc15d60ca5ed84a01fe76f3e13	Eukaryota	lineages
selenomonadaceae_odb12	2026-05-22	ee053c991223772459a6816d9f9acd4d	Prokaryota	lineages
selenomonadaceae_odb12.2	2026-05-22	63819937a0f6fbc365b9bd1299a3365d	Prokaryota	lineages
selenomonadales_odb10	2024-01-08	56c4bd6baa137ddd0d83f9c924261ec4	Prokaryota	lineages
selenomonadales_odb12	2026-05-22	f677c007062ac6305162e171b0c5c00b	Prokaryota	lineages
selenomonadales_odb12.2	2026-05-22	5d07d218987127241c3602841061ccc2	Prokaryota	lineages
selenomonas_odb12	2026-05-22	f32833cf32820082b8bb05d5e3b24f1d	Prokaryota	lineages
selenomonas_odb12.2	2026-05-22	225c1838a2e75c9330d930066d1945e3	Prokaryota	lineages
shewanella_odb12	2026-05-22	48a9121ee96e6347c6ec5ff0af594cb0	Prokaryota	lineages
shewanella_odb12.2	2026-05-22	4a1fc13c1b880c5d73d688f9623b8b1a	Prokaryota	lineages
simplexvirus_odb10	2024-01-08	fffd2907f63fe04c78fabd61d2f56919	Virus	lineages
sinorhizobium_odb12	2026-05-22	dc832ec5e2ec94d17e8a5e6ec59a5eac	Prokaryota	lineages
sinorhizobium_odb12.2	2026-05-22	34991798dc10f33fb4973cf8bad841f1	Prokaryota	lineages
skunavirus_odb10	2024-01-08	68fbb8404853ae930651c3af1baa7b49	Virus	lineages
solanales_odb10	2024-01-08	66f358ec9289490e465b49c534d68963	Eukaryota	lineages
solanales_odb12	2026-05-22	c7da3dc50bcd76494296160260394bee	Eukaryota	lineages
solanales_odb12.2	2026-05-13	e219fd8225f3f50ee4dd0cded2b8d821	Eukaryota	lineages
sordariales_odb12	2026-05-22	0cfce738bd027069cde75b682f9f782d	Eukaryota	lineages
sordariales_odb12.2	2026-05-13	e964506549d5e8ed3598cd943c448d82	Eukaryota	lineages
sordariomycetes_odb10	2024-01-08	d2eaf7b7dcdc98c696193200a64f680b	Eukaryota	lineages
sordariomycetes_odb12	2026-05-22	51477c554eeccf47823202d06b137d45	Eukaryota	lineages
sordariomycetes_odb12.2	2026-05-13	6d0888ea05379d8cbe0187596113524d	Eukaryota	lineages
sphingobacteriia_odb10	2024-01-08	242603fe2ff0935de82a73610d3c7ecf	Prokaryota	lineages
sphingobacteriia_odb12	2026-05-22	ff303c5bb8064f2f0e25dfb0daf279e3	Prokaryota	lineages
sphingobacteriia_odb12.2	2026-05-22	c9789e543a35fe0710486c3c787fbf6f	Prokaryota	lineages
sphingobacterium_odb12	2026-05-22	d8aee3c8471860894f72ab8e98b28837	Prokaryota	lineages
sphingobacterium_odb12.2	2026-05-22	9f29c7cc8c511e773112d709fc588f38	Prokaryota	lineages
sphingobium_odb12	2026-05-22	4bd9f5aea6303ece5af332fb36bc7490	Prokaryota	lineages
sphingobium_odb12.2	2026-05-22	dca097202e4e9271db430f9126790b28	Prokaryota	lineages
sphingomonadales_odb10	2024-01-08	0d2a778d7223204d457fed9159c3cd0b	Prokaryota	lineages
sphingomonadales_odb12	2026-05-22	4ab261ce178e9a069c10d8d5444c784d	Prokaryota	lineages
sphingomonadales_odb12.2	2026-05-22	3a6228e603683466e3723d8d74f64ff4	Prokaryota	lineages
sphingomonas_odb12	2026-05-22	3b704685f4bbfca6354a9daca28c4405	Prokaryota	lineages
sphingomonas_odb12.2	2026-05-22	123cddf2e4feb9b49156f975c317adda	Prokaryota	lineages
sphingopyxis_odb12	2026-05-22	6608650ff6a2e170b5ac16b70b4aeedf	Prokaryota	lineages
sphingopyxis_odb12.2	2026-05-22	ee33a6ae8e51dc1655fac8ba5259040e	Prokaryota	lineages
spirochaetaceae_odb12	2026-05-22	adf2ad3ae787be46a89992d2fde2e84c	Prokaryota	lineages
spirochaetaceae_odb12.2	2026-05-22	b746238a1ee36397462e9419ebad1d63	Prokaryota	lineages
spirochaetales_odb10	2024-01-08	25566c0ec1f4157549b29909987fe2dc	Prokaryota	lineages
spirochaetales_odb12	2026-05-22	989876a1bf3c3f0dd6dd1e7d4ed4a2dc	Prokaryota	lineages
spirochaetales_odb12.2	2026-05-22	ff5402efa3135d830762e843eb394e23	Prokaryota	lineages
spirochaetes_odb10	2024-01-08	791cb6d5240aee08cbfc31aa46c95fea	Prokaryota	lineages
spirochaetia_odb10	2024-01-08	2d872abdb7804ed46d064ebf1a4af183	Prokaryota	lineages
spirochaetota_odb12	2026-05-22	261dd7fbf534a33ef0de22a3dcdeecc8	Prokaryota	lineages
spirochaetota_odb12.2	2026-05-22	876e7d172468065a5938d7208c596987	Prokaryota	lineages
spiroplasma_odb12	2026-05-22	fa322a5d5d94226691e56bcff2631401	Prokaryota	lineages
spiroplasma_odb12.2	2026-05-22	69664307d757af8eb805d2e2d2efb264	Prokaryota	lineages
sporosarcina_odb12	2026-05-22	95e7f54f63e5817f19a4d8b99381efdf	Prokaryota	lineages
sporosarcina_odb12.2	2026-05-22	98a52955850b33dd61f953ace3245bab	Prokaryota	lineages
spounavirinae_odb10	2024-01-08	286365f43fe02aad53b89555d36cd6b0	Virus	lineages
squamata_odb12	2026-05-22	c31af6029694c45764e618a155381fd3	Eukaryota	lineages
squamata_odb12.2	2026-05-13	186409fa9538f06e8430e1dd960a4c94	Eukaryota	lineages
staphylococcaceae_odb12	2026-05-22	e7ba311193dea9b520fcfae7e692c407	Prokaryota	lineages
staphylococcaceae_odb12.2	2026-05-22	b8d0ddbbdb4e83736a323ea678480af7	Prokaryota	lineages
staphylococcus_odb12	2026-05-22	b71e01ae474349e60582b4ab9c85c529	Prokaryota	lineages
staphylococcus_odb12.2	2026-05-22	3197ae56c849c232043b0c709d6be19f	Prokaryota	lineages
stenotrophomonas_odb12	2026-05-22	147c7c1d4a3208554c671cf38560ccf1	Prokaryota	lineages
stenotrophomonas_odb12.2	2026-05-22	8dcc194682f69f196849ffb6ed58280f	Prokaryota	lineages
stramenopiles_odb10	2024-01-08	c47e74b9b44f96393aab60a94da41d9b	Eukaryota	lineages
stramenopiles_odb12	2026-05-22	5b9b820c739810df0cc9f7a139c06882	Eukaryota	lineages
stramenopiles_odb12.2	2026-05-13	8eea3c6134ff9e2ef58722f57f60e0f1	Eukaryota	lineages
streptacidiphilus_odb12	2026-05-22	218573cfd38373c39f299fff893a02d9	Prokaryota	lineages
streptacidiphilus_odb12.2	2026-05-22	2efc15475b9be5ea5fbd3f45084c9c4f	Prokaryota	lineages
streptococcaceae_odb12	2026-05-22	e3ee3726f1aacd0102c9eaf21043ea9e	Prokaryota	lineages
streptococcaceae_odb12.2	2026-05-22	f636028669d6879345b6b354e75b860b	Prokaryota	lineages
streptomyces_odb12	2026-05-22	ea882cf99d5a1a28bf44a0d05383abbf	Prokaryota	lineages
streptomyces_odb12.2	2026-05-22	9f893b67e9ed138d15d88af3da5d273f	Prokaryota	lineages
streptomycetales_odb10	2024-01-08	0fa3b1d4ad18d32f22cfa3e9df6c5f24	Prokaryota	lineages
streptosporangiales_odb10	2024-01-08	efc360354567844fa58da793f464eb81	Prokaryota	lineages
streptosporangiales_odb12	2026-05-22	0858782b611d500d7b2ee4e7297f4792	Prokaryota	lineages
streptosporangiales_odb12.2	2026-05-22	2958cf5f57b01a58b075f48473223d2d	Prokaryota	lineages
sulfitobacter_odb12	2026-05-22	7e9490a8cd8d391a3743f948359a5a8d	Prokaryota	lineages
sulfitobacter_odb12.2	2026-05-22	d578a66d8d9dd47a3017605a3ea3feac	Prokaryota	lineages
sulfolobales_odb10	2024-01-08	8a61f401552651f1a65901602ebeafe8	Prokaryota	lineages
sulfolobales_odb12	2026-05-22	cfa7a6f1c66946803e312e0e692f42b9	Prokaryota	lineages
sulfolobales_odb12.2	2026-05-22	b00249a18465eba5b99dd49eb039b3ee	Prokaryota	lineages
supermatrix.aln.archaea_odb10.faa	2019-12-16	e9d2c8065a7779f9447b154b9030bcf8	Prokaryota	placement_files
supermatrix.aln.archaea_odb12.2.faa	2026-05-27	16cbfa315881f5f1b36c99b4ef8e0251	Prokaryota	placement_files
supermatrix.aln.archaea_odb12.faa	2024-11-15	3be52af2654e7f68cb735f16df17e8c9	Prokaryota	placement_files
supermatrix.aln.bacteria_odb10.faa	2019-12-16	eba6a090cbe21abe1db69d841e8231bc	Prokaryota	placement_files
supermatrix.aln.bacteria_odb12.2.faa	2026-05-27	0c032caa929b75567e1d0d2f9e852b11	Prokaryota	placement_files
supermatrix.aln.bacteria_odb12.faa	2024-11-15	c0be337678961cb10db025ffdeefe661	Prokaryota	placement_files
supermatrix.aln.eukaryota_odb10.faa	2019-12-16	3584e9fb12211b8c8c3ad63666444be1	Eukaryota	placement_files
supermatrix.aln.eukaryota_odb12.2.faa	2026-05-13	5416f9a8fe2584b08aece1755e36d40d	Eukaryota	placement_files
supermatrix.aln.eukaryota_odb12.faa	2025-01-15	a3186e0d22ad4821c4367d6247fdb490	Eukaryota	placement_files
synechococcaceae_odb12	2026-05-22	80e7797cb12313d6a658343f7ab0b347	Prokaryota	lineages
synechococcaceae_odb12.2	2026-05-22	ac04726cae4dcb2319f225a6918f1cd8	Prokaryota	lineages
synechococcales_odb10	2024-01-08	9a472bbb3c02e033f3672644bbb27779	Prokaryota	lineages
synechococcales_odb12	2026-05-22	9d881eb25be5b1968d8fb5ca61589bac	Prokaryota	lineages
synechococcales_odb12.2	2026-05-22	6b2baf2c6a96b1cc3cb19883fe168270	Prokaryota	lineages
synergistetes_odb10	2024-01-08	a5bf4d9973e8ea1fbdf3ea8284bd8957	Prokaryota	lineages
synergistota_odb12	2026-05-22	646708082da4c6fa49f4f02a86cdb8e0	Prokaryota	lineages
synergistota_odb12.2	2026-05-22	d4f44261796590234bfea21bac92c610	Prokaryota	lineages
tenacibaculum_odb12	2026-05-22	f7e435d9b0251055e9b164c2d34e517b	Prokaryota	lineages
tenacibaculum_odb12.2	2026-05-22	c79bc4c41aa1ec90169907cf38e491d4	Prokaryota	lineages
tenericutes_odb10	2024-01-08	f2bbba733d5b3a531ba14d7338d2fb8f	Prokaryota	lineages
tequatrovirus_odb10	2024-01-08	67a3c9d25ded118212840dfd87c37d96	Virus	lineages
teseptimavirus_odb10	2024-01-08	18d63d8e679c6fc6086d906d6b917f05	Virus	lineages
tetrapoda_odb10	2024-01-08	536277f71a4369b266c77c46d7e4fc1b	Eukaryota	lineages
tetrapoda_odb12	2026-05-22	d664e05b4b99153b18f8ad8b2916e1e7	Eukaryota	lineages
tetrapoda_odb12.2	2026-05-13	7a4fc955a0d5fa98cdef3df649ebbcfe	Eukaryota	lineages
tevenvirinae_odb10	2024-01-08	fac34fac2c70199fcbe69c0a7a663d71	Virus	lineages
thauera_odb12	2026-05-22	ac17e8cf0f61296d44f7ab8aacc9bb6a	Prokaryota	lineages
thauera_odb12.2	2026-05-22	99acc8361679c0b0099337781052ffee	Prokaryota	lineages
thaumarchaeota_odb10	2024-01-08	216d7dfaa4b307e5bf6f136bf310cece	Prokaryota	lineages
thermaceae_odb12	2026-05-22	6d9b11fe76cf3f1fe92b0e850147271a	Prokaryota	lineages
thermaceae_odb12.2	2026-05-22	fbc61161383c11877a26ef0d332d67a2	Prokaryota	lineages
thermoanaerobacterales_odb10	2024-01-08	d66c7a944c1f36dc22353a62e663065b	Prokaryota	lineages
thermoanaerobacterales_odb12	2026-05-22	d9f3fc4348ac903d23ed54a09df8bc36	Prokaryota	lineages
thermoanaerobacterales_odb12.2	2026-05-22	40b7d16c8113ce16fef42a1f66d902fe	Prokaryota	lineages
thermococcaceae_odb12	2026-05-22	cca3d04185422feb0aefb44299eb10b2	Prokaryota	lineages
thermococcaceae_odb12.2	2026-05-22	1478b2acf4b84e5fd17a4ced3e60a908	Prokaryota	lineages
thermococcus_odb12	2026-05-22	c8576677c1daad2017f088aa46a8c9e0	Prokaryota	lineages
thermococcus_odb12.2	2026-05-22	67f5350a7cb5f064158c539e0a53a497	Prokaryota	lineages
thermoplasmata_odb10	2024-01-08	f3ec5b6d8fa79c4c6caa37e6b0c09776	Prokaryota	lineages
thermoplasmata_odb12	2026-05-22	dd8345cf87ccfc32d404b034cb172d14	Prokaryota	lineages
thermoplasmata_odb12.2	2026-05-22	f7390a81170aed96260ab3a908b64b85	Prokaryota	lineages
thermoproteaceae_odb12	2026-05-22	a46fb0690c609fcff0974255553b9bb2	Prokaryota	lineages
thermoproteaceae_odb12.2	2026-05-22	624ed6a0068c8f6ba4f758da22dc08b4	Prokaryota	lineages
thermoproteales_odb10	2024-01-08	c92700b9bc1018ba50741c453632a758	Prokaryota	lineages
thermoproteales_odb12	2026-05-22	2ded6731c3ad6cbb91c15009eb3b2237	Prokaryota	lineages
thermoproteales_odb12.2	2026-05-22	510ee9912fb87cd4bc55d3281e7d352a	Prokaryota	lineages
thermoprotei_odb10	2024-01-08	e9c08ac322b0c8e4d1c052e6738ad85d	Prokaryota	lineages
thermoprotei_odb12	2026-05-22	661bf413a9e0825ebdc2ee64bab17fc3	Prokaryota	lineages
thermoprotei_odb12.2	2026-05-22	632a38d22f8649161b2632190270bbbf	Prokaryota	lineages
thermotogae_odb10	2024-01-08	546306dabbd386be2d9940a2c0d0deb1	Prokaryota	lineages
thermotogota_odb12	2026-05-22	085534f4b050c8aeb9177586043703f7	Prokaryota	lineages
thermotogota_odb12.2	2026-05-22	751d6fa2d2f460ce46c38da7ed4d8b46	Prokaryota	lineages
thermus_odb12	2026-05-22	e34788c82afa1b9990a4506c9e4a1a63	Prokaryota	lineages
thermus_odb12.2	2026-05-22	c402b7a1b1c25959419830a7ac76ef16	Prokaryota	lineages
thioalkalivibrio_odb12	2026-05-22	b222364d94eac1953abc4bb5c5f96497	Prokaryota	lineages
thioalkalivibrio_odb12.2	2026-05-22	ddde302f76199a98d4688d25d6c0f08e	Prokaryota	lineages
thiotrichales_odb10	2024-01-08	7871f11be31cf3dfb0f57e8a1f5b31f1	Prokaryota	lineages
thiotrichales_odb12	2026-05-22	d84ff575428953ef02b52c2f1457b8fc	Prokaryota	lineages
thiotrichales_odb12.2	2026-05-22	8360898813d6f233616a54f8aa217d3a	Prokaryota	lineages
tissierellales_odb10	2024-01-08	d5651b1b2e07433fc212881bd1482b72	Prokaryota	lineages
tissierellia_odb10	2024-01-08	f56b85fda5d5cb55322a8cbd452dd365	Prokaryota	lineages
tissierellia_odb12	2026-05-22	611fcabf0f0d027206f1e106010e4367	Prokaryota	lineages
tissierellia_odb12.2	2026-05-22	6b3c251e8793e207f63e57b27c3d03fe	Prokaryota	lineages
trebouxiophyceae_odb12	2026-05-22	cc6944f033c84d621a2bba21df7b9398	Eukaryota	lineages
trebouxiophyceae_odb12.2	2026-05-13	71921ff4aca27eb211c6d5673b56bf23	Eukaryota	lineages
tree.archaea_odb10.nwk	2019-12-16	23a9602460ca3ba12a4382964c40add4	Prokaryota	placement_files
tree.archaea_odb12.2.nwk	2026-05-27	39a8b3cba4fce47a1799c7e22f741739	Prokaryota	placement_files
tree.archaea_odb12.nwk	2024-11-15	97cfb30dadc8fb41ed2f53d3775b5a20	Prokaryota	placement_files
tree.bacteria_odb10.nwk	2019-12-16	3cbe2d6292e02ee78b92b42ec7c13bf5	Prokaryota	placement_files
tree.bacteria_odb12.2.nwk	2026-05-27	9e412a92abc24313bdb6e4e6c9161f22	Prokaryota	placement_files
tree.bacteria_odb12.nwk	2024-11-15	384ce02da13d45bb9cc0d65e955f20d3	Prokaryota	placement_files
tree.eukaryota_odb10.nwk	2019-12-16	cb0d434ee9d87f5d6babd1832a3fa419	Eukaryota	placement_files
tree.eukaryota_odb12.2.nwk	2026-05-13	a31663479cb6bf72ed957d262fa2d7c8	Eukaryota	placement_files
tree.eukaryota_odb12.nwk	2025-01-15	629fb83a47f0d5989ffc63a3e42a92f2	Eukaryota	placement_files
tree_metadata.archaea_odb10.txt	2019-12-16	1cc8a1284c883d9a5a8e33e70a81a743	Prokaryota	placement_files
tree_metadata.archaea_odb12.2.txt	2026-05-27	bfd51cd596fed53000707032bd84be4e	Prokaryota	placement_files
tree_metadata.archaea_odb12.txt	2024-11-15	1dd894cf58fe028060c427f2a51bbbc1	Prokaryota	placement_files
tree_metadata.bacteria_odb10.txt	2019-12-16	04a34d1dbcc0814bd0f5acee1d2a9c3f	Prokaryota	placement_files
tree_metadata.bacteria_odb12.2.txt	2026-05-27	f938451cea3d1c3df66350270190e239	Prokaryota	placement_files
tree_metadata.bacteria_odb12.txt	2024-11-15	553a7a0b66e483a65d430a1e7bc80d89	Prokaryota	placement_files
tree_metadata.eukaryota_odb10.txt	2019-12-16	589ac2a41cb79863d4b0b061e472afea	Eukaryota	placement_files
tree_metadata.eukaryota_odb12.2.txt	2026-05-13	489f393e1fde7b8db6ce824d812b341a	Eukaryota	placement_files
tree_metadata.eukaryota_odb12.txt	2025-01-15	3ba3f0af3724ce9bfdaf83f020695b9d	Eukaryota	placement_files
tremellomycetes_odb10	2024-01-08	a0bfe1ffe4313753173cd341ddcc4c07	Eukaryota	lineages
tremellomycetes_odb12	2026-05-22	256ca6f998a7cc0134d2000857f8e79e	Eukaryota	lineages
tremellomycetes_odb12.2	2026-05-13	8f4d5379bf945712f1ed8cf2616f2bf1	Eukaryota	lineages
treponema_odb12	2026-05-22	a245451361f8c3eb99504fdbc8369c69	Prokaryota	lineages
treponema_odb12.2	2026-05-22	f892aaf49034e9f7feb38253270a57d5	Prokaryota	lineages
trypanosoma_odb12	2026-05-22	416ea9ea7a2c0dffe6722b9a39a4a0be	Eukaryota	lineages
trypanosoma_odb12.2	2026-05-13	2d5076dd30f331f084b1e9244d473000	Eukaryota	lineages
tunavirinae_odb10	2024-01-08	fe8a69addddcbc43732a4504aff538e2	Virus	lineages
ustilaginomycetes_odb12	2026-05-22	cddba11b2912af9d20d46dbdf22d5096	Eukaryota	lineages
ustilaginomycetes_odb12.2	2026-05-13	9558afcc28314f2d65de5bcdf74891e8	Eukaryota	lineages
varicellovirus_odb10	2024-01-08	43c79da0fb65e9d5941d71458cf844ad	Virus	lineages
variovorax_odb12	2026-05-22	15b9e50b0b8fd434dbbabe8f9bd17fb9	Prokaryota	lineages
variovorax_odb12.2	2026-05-22	a1987a22f39d1222e470927878976eea	Prokaryota	lineages
veillonellaceae_odb12	2026-05-22	9ea909c56b4b227ea0e0321d966903f6	Prokaryota	lineages
veillonellaceae_odb12.2	2026-05-22	1d8023401d3491563598efff14180ee0	Prokaryota	lineages
veillonella_odb12	2026-05-22	8d5d1cd6651fc6dc4d5b078182c03ff8	Prokaryota	lineages
veillonella_odb12.2	2026-05-22	f6c689a0147a11dcd01af0fbd292ec0b	Prokaryota	lineages
verrucomicrobia_odb10	2024-01-08	1c380e10eaac2482a9485fe14b7bad47	Prokaryota	lineages
verrucomicrobiota_odb12	2026-05-22	2555d23fbfd243a227edb364bdfb8f6e	Prokaryota	lineages
verrucomicrobiota_odb12.2	2026-05-22	e9d965f34f9e611bc1e265c291ce528a	Prokaryota	lineages
vertebrata_odb10	2024-01-08	d292737afaec0ac95bde4f4a8d2ea814	Eukaryota	lineages
vertebrata_odb12	2026-05-22	1aa125f4a161fd4a8c748f7890443479	Eukaryota	lineages
vertebrata_odb12.2	2026-05-13	84a84dddec82e3960486a809f1aac591	Eukaryota	lineages
vibrionales_odb10	2024-01-08	e9ec5827bed867a01d07d7d03aaddc4c	Prokaryota	lineages
vibrionales_odb12	2026-05-22	15f06c9d5864927904433b8d11312923	Prokaryota	lineages
vibrionales_odb12.2	2026-05-22	f358ed87a389bf287d5550907c9f07c4	Prokaryota	lineages
vibrio_odb12	2026-05-22	065017174ddb1e8d512eed51f404665f	Prokaryota	lineages
vibrio_odb12.2	2026-05-22	b44b7a03e8fd9dc79e2181fbb629ec87	Prokaryota	lineages
virgibacillus_odb12	2026-05-22	282efb803febd1cb62bddc0ebc2298dd	Prokaryota	lineages
virgibacillus_odb12.2	2026-05-22	8ef115e62bd81c963afc99b28186c291	Prokaryota	lineages
viridiplantae_odb10	2024-01-08	90d6ce27fde83f1e4aba1d6a8f523673	Eukaryota	lineages
viridiplantae_odb12	2026-05-22	6d6f55eec3440c81cce39680df280c11	Eukaryota	lineages
viridiplantae_odb12.2	2026-05-13	4b7183753eab6ac3654e50ff22152ae0	Eukaryota	lineages
virus_datasets.txt	2020-11-26	a7d1e4d4bb6327d01efde3bcc8658cb3	-	information
weissella_odb12	2026-05-22	432557c6663b27f869edc6b445fc6575	Prokaryota	lineages
weissella_odb12.2	2026-05-22	d837db668f31b02417056181d56bf45e	Prokaryota	lineages
xanthomonadales_odb10	2024-01-08	47dd98a24916b28b52500e9a036eb8a8	Prokaryota	lineages
xanthomonadales_odb12	2026-05-22	2ccbed51b260c02061ed938dd3c4ca41	Prokaryota	lineages
xanthomonadales_odb12.2	2026-05-22	8c7cd96308ab432656a43766526f48e1	Prokaryota	lineages
xanthomonas_odb12	2026-05-22	55ae96604007ebf6773b885f215c3d37	Prokaryota	lineages
xanthomonas_odb12.2	2026-05-22	2b3ffa69312aec5b9325a66b3ef18b16	Prokaryota	lineages
xylariales_odb12	2026-05-22	a8f23c1514894a030cfb45d4324725c4	Eukaryota	lineages
xylariales_odb12.2	2026-05-13	74f7b20318efd11854246a798e0dc2ce	Eukaryota	lineages
yersiniaceae_odb12	2026-05-22	bcc41e6595ba18cd0c0a17c73a125925	Prokaryota	lineages
yersiniaceae_odb12.2	2026-05-22	82bd073889dd7fd86cb43e1458e6ba56	Prokaryota	lineages
yersinia_odb12	2026-05-22	6b2d029ff09329f4d7b655036b7afc76	Prokaryota	lineages
yersinia_odb12.2	2026-05-22	8674c6c4ada81d6e3f134196bcb97261	Prokaryota	lineages
